Tr_midp_date,Egress,Ingress,pl_hostname,ra,dec,Planet Name,st_dist,pl_orbper,pl_bmassj,st_teff,pl_discmethod,st_optmag,tr_midp_jd,pl_trandur
2018-03-25 08:53:16.800001,2018-03-25 09:21:37.799988,2018-03-25 08:24:55.800014,HD 219134,23.221382666666667,57.168354,hd219134b,6.55,3.092926,0.01491,4699.0,Radial Velocity,5.57,2458203.037,0.039375
2018-03-25 10:24:00.000008,2018-03-25 10:45:11.160001,2018-03-25 10:02:48.840015,TRAPPIST-1,23.1081342,-5.041274,trappist1c,12.1,2.4218233,0.00434,2559.0,Transit,18.8,2458203.1,0.029425
2018-03-25 13:51:21.599995,2018-03-25 14:19:57.901449,2018-03-25 13:22:45.298542,TRAPPIST-1,23.1081342,-5.041274,trappist1e,12.1,6.099615,0.00195,2559.0,Transit,18.8,2458203.244,0.0397292
2018-03-25 16:45:36.000019,2018-03-25 16:45:36.000019,2018-03-25 16:45:36.000019,55 Cnc,8.8766144,28.330818,55cnce,12.53,0.736539,0.02542,5196.0,Radial Velocity,5.96,2458203.365,0.0
2018-03-25 16:45:36.000019,2018-03-25 16:45:36.000019,2018-03-25 16:45:36.000019,55 Cnc,8.8766144,28.330818,55cnce,12.53,0.736539,0.02542,5196.0,Radial Velocity,5.96,2458203.365,0.0
2018-03-25 15:46:33.600002,2018-03-25 16:55:27.840020,2018-03-25 14:37:39.359984,HAT-P-11,19.84729006666667,48.080856,hatp11b,38.0,4.8878162,0.081,4780.0,Transit,9.472,2458203.324,0.0957
2018-03-25 07:22:33.599994,2018-03-25 07:22:33.599994,2018-03-25 07:22:33.599994,Kepler-42,19.481268866666667,44.61916,kepler42b,38.7,1.2137672,1e+20,3068.0,Transit,16.124,2458202.974,0.0
2018-03-25 07:22:33.599994,2018-03-25 07:22:33.599994,2018-03-25 07:22:33.599994,Kepler-42,19.481268866666667,44.61916,kepler42b,38.7,1.2137672,1e+20,3068.0,Transit,16.124,2458202.974,0.0
2018-03-25 12:17:45.600000,2018-03-25 12:37:07.679998,2018-03-25 11:58:23.520003,Kepler-446,18.816680466666664,44.921102,kepler446b,120.0,1.565409,1e+20,3359.0,Transit,16.257,2458203.179,0.0269
2018-03-25 06:01:55.200005,2018-03-25 06:01:55.200005,2018-03-25 06:01:55.200005,Kepler-68,19.402153666666667,49.040272,kepler68b,135.0,5.39875,0.01878,5793.0,Transit,9.99,2458202.918,0.0
2018-03-25 07:55:40.799998,2018-03-25 08:57:57.600007,2018-03-25 06:53:23.999989,HAT-P-3,13.739608066666667,48.028667,hatp3b,138.0,2.899736,0.591,5185.0,Transit,11.577,2458202.997,0.0865
2018-03-25 11:04:19.200002,2018-03-25 11:58:36.480021,2018-03-25 10:10:01.919983,WASP-52,23.2329832,8.761262,wasp52b,140.0,1.7497798,0.46,5000.0,Transit,12.0,2458203.128,0.0754
2018-03-25 11:30:14.400016,2018-03-25 12:42:32.401471,2018-03-25 10:17:56.398560,WASP-156,2.1854472,2.418,wasp156b,140.0,3.836169,0.128,4910.0,Transit,11.6,2458203.146,0.1004167
2018-03-25 11:04:19.200002,2018-03-25 11:58:36.480021,2018-03-25 10:10:01.919983,WASP-52,23.2329832,8.761262,wasp52b,140.0,1.7497798,0.46,5000.0,Transit,12.0,2458203.128,0.0754
2018-03-25 08:41:45.600008,2018-03-25 09:14:53.145615,2018-03-25 08:08:38.054402,Kepler-732,18.915468066666666,45.958771,kepler732c,150.0,0.89304124,1e+20,3631.0,Transit,15.073,2458203.029,0.046008
2018-03-25 08:41:45.600008,2018-03-25 09:14:53.145615,2018-03-25 08:08:38.054402,Kepler-732,18.915468066666666,45.958771,kepler732c,150.0,0.89304124,1e+20,3631.0,Transit,15.073,2458203.029,0.046008
2018-03-25 08:41:45.600008,2018-03-25 09:14:53.145615,2018-03-25 08:08:38.054402,Kepler-732,18.915468066666666,45.958771,kepler732c,150.0,0.89304124,1e+20,3631.0,Transit,15.073,2458203.029,0.046008
2018-03-25 09:46:33.600002,2018-03-25 10:23:18.225622,2018-03-25 09:09:48.974382,Kepler-1053,19.427909,39.127415,kepler1053b,171.0,2.41435165,1e+20,4529.0,Transit,13.156,2458203.074,0.051033
2018-03-25 11:40:19.199994,2018-03-25 11:40:19.199994,2018-03-25 11:40:19.199994,Kepler-10,19.045292933333332,50.241299,kepler10b,173.0,0.837491,0.0145,5627.0,Transit,10.94,2458203.153,0.0
2018-03-25 10:24:00.000008,2018-03-25 11:53:38.400005,2018-03-25 08:54:21.600012,XO-3,4.364638733333334,57.817181,xo3b,174.0,3.1915239,11.79,6429.0,Transit,1e+20,2458203.1,0.1245
2018-03-25 08:05:45.600016,2018-03-25 08:47:29.774404,2018-03-25 07:24:01.425629,Kepler-1019,18.914501733333335,47.204449,kepler1019b,198.0,1.41122985,1e+20,4433.0,Transit,13.59,2458203.004,0.057967
2018-03-25 12:42:14.400000,2018-03-25 14:05:24.000013,2018-03-25 11:19:04.799986,WASP-3,18.57545286666667,35.661533,wasp3b,220.0,1.8468355,1.98,6400.0,Transit,10.5,2458203.196,0.1155
2018-03-25 11:53:16.800001,2018-03-25 13:47:32.639982,2018-03-25 09:59:00.960020,HAT-P-8,22.869404466666666,35.447109,hatp8b,230.0,3.0763776,1.52,6200.0,Transit,10.3,2458203.162,0.1587
2018-03-25 14:59:02.400017,2018-03-25 16:30:54.720028,2018-03-25 13:27:10.080007,HAT-P-16,0.6382120666666666,42.463078,hatp16b,235.0,2.77596,4.193,6158.0,Transit,10.812,2458203.291,0.1276
2018-03-25 07:19:40.800006,2018-03-25 08:10:15.600000,2018-03-25 06:29:06.000011,Kepler-988,19.380559066666667,42.237251,kepler988b,248.0,17.76080053,1e+20,4005.0,Transit,15.22,2458202.972,0.07025
2018-03-25 10:08:09.600013,2018-03-25 11:31:05.808025,2018-03-25 08:45:13.392001,KELT-1,0.024142800000000002,39.383808,kelt1b,262.0,1.217514,27.23,6518.0,Transit,10.701,2458203.089,0.11519
2018-03-25 05:51:50.399987,2018-03-25 06:42:52.027194,2018-03-25 05:00:48.772779,Kepler-1339,18.916386266666667,48.373394,kepler1339b,267.0,1.34155513,1e+20,5586.0,Transit,12.299,2458202.911,0.070871
2018-03-25 07:58:33.599986,2018-03-25 09:53:12.292790,2018-03-25 06:03:54.907182,Kepler-992,18.962018666666665,47.641785,kepler992b,268.0,20.16034462,1e+20,4944.0,Transit,13.389,2458202.999,0.159229
2018-03-25 12:17:45.600000,2018-03-25 12:52:38.467184,2018-03-25 11:42:52.732817,Kepler-1203,19.5182256,44.178127,kepler1203b,269.0,0.58800076,1e+20,4105.0,Transit,14.934,2458203.179,0.048446
2018-03-25 12:17:45.600000,2018-03-25 12:52:38.467184,2018-03-25 11:42:52.732817,Kepler-1203,19.5182256,44.178127,kepler1203b,269.0,0.58800076,1e+20,4105.0,Transit,14.934,2458203.179,0.048446
2018-03-25 08:38:52.799980,2018-03-25 09:14:48.307178,2018-03-25 08:02:57.292782,Kepler-960,18.763810866666667,46.746468,kepler960b,298.0,3.12686223,1e+20,4755.0,Transit,13.884,2458203.027,0.049896
2018-03-25 08:40:19.199994,2018-03-25 10:59:38.399996,2018-03-25 06:20:59.999992,KELT-18,14.434934466666666,59.444275,kelt18b,311.0,2.8717518,1.18,6670.0,Transit,10.117,2458203.028,0.1935
2018-03-25 11:41:45.600008,2018-03-25 12:14:59.280001,2018-03-25 11:08:31.920016,Kepler-808,19.439606,48.445614,kepler808b,321.0,0.63133235,1e+20,4653.0,Transit,14.285,2458203.154,0.04615
2018-03-25 11:41:45.600008,2018-03-25 12:14:59.280001,2018-03-25 11:08:31.920016,Kepler-808,19.439606,48.445614,kepler808b,321.0,0.63133235,1e+20,4653.0,Transit,14.285,2458203.154,0.04615
2018-03-25 11:41:45.600008,2018-03-25 12:14:59.280001,2018-03-25 11:08:31.920016,Kepler-808,19.439606,48.445614,kepler808b,321.0,0.63133235,1e+20,4653.0,Transit,14.285,2458203.154,0.04615
2018-03-25 07:03:50.400011,2018-03-25 09:07:06.240000,2018-03-25 05:00:34.560022,HAT-P-49,20.3627598,26.692652,hatp49b,322.0,2.691548,1.73,6820.0,Transit,10.326,2458202.961,0.1712
2018-03-25 08:30:14.400016,2018-03-25 09:12:45.705630,2018-03-25 07:47:43.094401,Kepler-1039,19.8884394,45.315514,kepler1039b,324.0,0.93488424,1e+20,4870.0,Transit,14.145,2458203.021,0.059058
2018-03-25 08:30:14.400016,2018-03-25 09:12:45.705630,2018-03-25 07:47:43.094401,Kepler-1039,19.8884394,45.315514,kepler1039b,324.0,0.93488424,1e+20,4870.0,Transit,14.145,2458203.021,0.059058
2018-03-25 13:29:45.599984,2018-03-25 14:47:30.465569,2018-03-25 12:12:00.734400,Kepler-1542,19.048566333333333,42.65453,kepler1542b,336.0,3.95116882,1e+20,5564.0,Transit,12.639,2458203.229,0.107983
2018-03-25 12:43:40.800014,2018-03-25 12:43:40.800014,2018-03-25 12:43:40.800014,TrES-5,20.348122733333334,59.448788,tres5b,360.0,1.48224686,1.79,5171.0,Transit,13.718,2458203.197,0.0
2018-03-25 13:24:00.000008,2018-03-25 13:51:09.374393,2018-03-25 12:56:50.625623,Kepler-1331,19.804919266666666,41.22448,kepler1331b,365.0,0.78916165,1e+20,4508.0,Transit,15.031,2458203.225,0.037717
2018-03-25 08:43:11.999982,2018-03-25 09:24:44.639972,2018-03-25 08:01:39.359992,Kepler-1366,19.0043276,41.554874,kepler1366b,395.0,2.16457097,1e+20,4070.0,Transit,15.877,2458203.03,0.0577
2018-03-25 06:24:57.599991,2018-03-25 07:21:10.267193,2018-03-25 05:28:44.932788,Kepler-969,19.224833866666664,47.933556,kepler969c,411.0,1.6829346,1e+20,5214.0,Transit,13.733,2458202.934,0.078071
2018-03-25 06:24:57.599991,2018-03-25 07:21:10.267193,2018-03-25 05:28:44.932788,Kepler-969,19.224833866666664,47.933556,kepler969c,411.0,1.6829346,1e+20,5214.0,Transit,13.733,2458202.934,0.078071
2018-03-25 10:06:43.199999,2018-03-25 11:03:04.507187,2018-03-25 09:10:21.892811,Kepler-1541,18.919133600000002,48.029564,kepler1541b,414.0,8.40691199,1e+20,5282.0,Transit,13.801,2458203.088,0.078271
2018-03-25 09:00:28.799991,2018-03-25 10:21:56.534373,2018-03-25 07:39:01.065609,Kepler-601,18.800307466666666,42.176533,kepler601b,429.0,5.37886844,1e+20,5160.0,Transit,14.005,2458203.042,0.113142
2018-03-25 09:59:31.200009,2018-03-25 11:03:45.158425,2018-03-25 08:55:17.241593,Kepler-1164,19.168642266666666,38.894513,kepler1164b,447.0,3.97599768,1e+20,5183.0,Transit,14.11,2458203.083,0.089212
2018-03-25 07:34:04.799986,2018-03-25 08:28:01.343968,2018-03-25 06:40:08.256005,Kepler-1371,19.255425533333334,47.551994,kepler1371c,450.0,2.00541269,1e+20,5361.0,Transit,13.851,2458202.982,0.07492
2018-03-25 09:50:52.800004,2018-03-25 11:38:26.880024,2018-03-25 08:03:18.719984,HATS-3,20.830496,-24.428793,hats3b,453.0,3.547851,1.071,6351.0,Transit,12.44,2458203.077,0.1494
2018-03-25 12:27:50.400019,2018-03-25 13:11:43.612813,2018-03-25 11:43:57.187225,Kepler-1222,19.659310333333334,49.379768,kepler1222b,455.0,1.91694425,1e+20,5239.0,Transit,14.1,2458203.186,0.060954
2018-03-25 12:27:50.400019,2018-03-25 13:11:43.612813,2018-03-25 11:43:57.187225,Kepler-1222,19.659310333333334,49.379768,kepler1222b,455.0,1.91694425,1e+20,5239.0,Transit,14.1,2458203.186,0.060954
2018-03-25 08:18:43.199983,2018-03-25 08:49:58.943983,2018-03-25 07:47:27.455983,Kepler-1107,19.403328466666668,39.141674,kepler1107b,457.0,0.57103852,1e+20,5268.0,Transit,14.098,2458203.013,0.04342
2018-03-25 08:18:43.199983,2018-03-25 08:49:58.943983,2018-03-25 07:47:27.455983,Kepler-1107,19.403328466666668,39.141674,kepler1107b,457.0,0.57103852,1e+20,5268.0,Transit,14.098,2458203.013,0.04342
2018-03-25 10:51:21.599995,2018-03-25 12:05:52.065589,2018-03-25 09:36:51.134402,Kepler-537,19.325375599999997,51.277081,kepler537b,465.0,3.24755522,1e+20,5763.0,Transit,13.1,2458203.119,0.103483
2018-03-25 14:44:38.399996,2018-03-25 15:27:50.054416,2018-03-25 14:01:26.745577,Kepler-845,19.397171,49.203812,kepler845b,471.0,0.92785982,1e+20,4913.0,Transit,14.631,2458203.281,0.059992
2018-03-25 13:39:50.400003,2018-03-25 14:45:39.744021,2018-03-25 12:34:01.055985,Kepler-1443,18.895717400000002,47.066855,kepler1443b,475.0,2.41811321,1e+20,6289.0,Transit,12.278,2458203.236,0.09142
2018-03-25 07:15:21.600004,2018-03-25 08:59:28.320014,2018-03-25 05:31:14.879993,Kepler-1163,19.3490562,50.030087,kepler1163b,487.0,6.11786898,1e+20,6302.0,Transit,12.168,2458202.969,0.1446
2018-03-25 14:51:50.399987,2018-03-25 15:39:35.855979,2018-03-25 14:04:04.943994,Kepler-1387,19.4960264,43.209431,kepler1387b,491.0,2.27952666,1e+20,5046.0,Transit,14.589,2458203.286,0.06633
2018-03-25 07:11:02.400001,2018-03-25 08:55:35.212809,2018-03-25 05:26:29.587194,Kepler-625,19.47669726666667,39.637581,kepler625b,502.0,7.75192492,1e+20,5789.0,Transit,13.307,2458202.966,0.145204
2018-03-25 11:02:52.799988,2018-03-25 11:36:31.319999,2018-03-25 10:29:14.279977,Kepler-1197,19.444618133333332,42.59071,kepler1197b,505.0,2.03231845,1e+20,4708.0,Transit,15.13,2458203.127,0.046725
2018-03-25 07:06:43.199999,2018-03-25 07:40:53.472000,2018-03-25 06:32:32.927998,Kepler-1566,18.90584093333333,40.574927,kepler1566b,511.0,0.53991524,1e+20,5254.0,Transit,14.311,2458202.963,0.04746
2018-03-25 07:06:43.199999,2018-03-25 07:40:53.472000,2018-03-25 06:32:32.927998,Kepler-1566,18.90584093333333,40.574927,kepler1566b,511.0,0.53991524,1e+20,5254.0,Transit,14.311,2458202.963,0.04746
2018-03-25 10:18:14.399992,2018-03-25 11:17:56.760001,2018-03-25 09:18:32.039982,Kepler-1332,19.401906,43.913673,kepler1332b,515.0,11.87456832,1e+20,5581.0,Transit,13.756,2458203.096,0.082925
2018-03-25 12:27:50.400019,2018-03-25 13:20:07.454418,2018-03-25 11:35:33.345620,Kepler-1323,19.524818933333332,46.098885,kepler1323b,530.0,0.92990668,1e+20,6169.0,Transit,12.41,2458203.186,0.072617
2018-03-25 12:27:50.400019,2018-03-25 13:20:07.454418,2018-03-25 11:35:33.345620,Kepler-1323,19.524818933333332,46.098885,kepler1323b,530.0,0.92990668,1e+20,6169.0,Transit,12.41,2458203.186,0.072617
2018-03-25 15:32:09.599981,2018-03-25 16:05:02.932790,2018-03-25 14:59:16.267172,Kepler-1228,19.770205533333336,46.96629,kepler1228b,547.0,0.57736958,1e+20,5063.0,Transit,14.859,2458203.314,0.045679
2018-03-25 15:32:09.599981,2018-03-25 16:05:02.932790,2018-03-25 14:59:16.267172,Kepler-1228,19.770205533333336,46.96629,kepler1228b,547.0,0.57736958,1e+20,5063.0,Transit,14.859,2458203.314,0.045679
2018-03-25 08:17:16.800009,2018-03-25 10:21:57.744023,2018-03-25 06:12:35.855995,Kepler-1563,19.2382392,51.472755,kepler1563b,547.0,3.43276598,1e+20,5765.0,Transit,13.583,2458203.012,0.17317
2018-03-25 12:39:21.600012,2018-03-25 13:26:22.560007,2018-03-25 11:52:20.640016,Kepler-842,19.488572066666666,49.653538,kepler842b,552.0,1.21956827,1e+20,4848.0,Transit,15.127,2458203.194,0.0653
2018-03-25 12:39:21.600012,2018-03-25 13:26:22.560007,2018-03-25 11:52:20.640016,Kepler-842,19.488572066666666,49.653538,kepler842b,552.0,1.21956827,1e+20,4848.0,Transit,15.127,2458203.194,0.0653
2018-03-25 14:33:07.200004,2018-03-25 15:03:05.961601,2018-03-25 14:03:08.438407,Kepler-1604,19.027375533333334,44.412212,kepler1604b,562.0,0.68368426,1e+20,4976.0,Transit,14.915,2458203.273,0.041638
2018-03-25 14:33:07.200004,2018-03-25 15:03:05.961601,2018-03-25 14:03:08.438407,Kepler-1604,19.027375533333334,44.412212,kepler1604b,562.0,0.68368426,1e+20,4976.0,Transit,14.915,2458203.273,0.041638
2018-03-25 14:33:07.200004,2018-03-25 15:03:05.961601,2018-03-25 14:03:08.438407,Kepler-1604,19.027375533333334,44.412212,kepler1604b,562.0,0.68368426,1e+20,4976.0,Transit,14.915,2458203.273,0.041638
2018-03-25 06:19:12.000014,2018-03-25 07:05:28.507224,2018-03-25 05:32:55.492805,Kepler-1200,19.7735634,44.129257,kepler1200b,579.0,1.11854972,1e+20,4612.0,Transit,15.793,2458202.93,0.064271
2018-03-25 06:19:12.000014,2018-03-25 07:05:28.507224,2018-03-25 05:32:55.492805,Kepler-1200,19.7735634,44.129257,kepler1200b,579.0,1.11854972,1e+20,4612.0,Transit,15.793,2458202.93,0.064271
2018-03-25 07:19:40.800006,2018-03-25 08:01:28.127987,2018-03-25 06:37:53.472025,Kepler-653,18.81419533333333,46.717819,kepler653c,593.0,0.90037648,1e+20,5665.0,Transit,13.387,2458202.972,0.05804
2018-03-25 07:19:40.800006,2018-03-25 08:01:28.127987,2018-03-25 06:37:53.472025,Kepler-653,18.81419533333333,46.717819,kepler653c,593.0,0.90037648,1e+20,5665.0,Transit,13.387,2458202.972,0.05804
2018-03-25 07:19:40.800006,2018-03-25 08:01:28.127987,2018-03-25 06:37:53.472025,Kepler-653,18.81419533333333,46.717819,kepler653c,593.0,0.90037648,1e+20,5665.0,Transit,13.387,2458202.972,0.05804
2018-03-25 10:02:23.999997,2018-03-25 11:59:02.399977,2018-03-25 08:05:45.600016,CoRoT-23,18.652174333333335,4.357806,corot23b,600.0,3.6313,2.8,5900.0,Transit,15.63,2458203.085,0.162
2018-03-25 11:51:50.399987,2018-03-25 12:58:46.271988,2018-03-25 10:44:54.527985,Kepler-1240,18.866647666666665,40.55745,kepler1240b,614.0,4.8663815,1e+20,5682.0,Transit,13.987,2458203.161,0.09296
2018-03-25 14:43:11.999982,2018-03-25 15:12:48.427201,2018-03-25 14:13:35.572764,Kepler-828,19.12581833333333,42.471256,kepler828b,625.0,0.56785714,1e+20,5039.0,Transit,15.055,2458203.28,0.041121
2018-03-25 14:43:11.999982,2018-03-25 15:12:48.427201,2018-03-25 14:13:35.572764,Kepler-828,19.12581833333333,42.471256,kepler828b,625.0,0.56785714,1e+20,5039.0,Transit,15.055,2458203.28,0.041121
2018-03-25 07:09:35.999987,2018-03-25 08:15:49.916151,2018-03-25 06:03:22.083823,Kepler-554,19.76045686666667,51.358154,kepler554b,642.0,1.90220856,1e+20,5447.0,Transit,14.313,2458202.965,0.0919888
2018-03-25 12:09:07.199996,2018-03-25 13:45:45.071988,2018-03-25 10:32:29.328004,Kepler-496,19.4427264,41.241049,kepler496b,655.0,8.30864937,1e+20,5293.0,Transit,14.817,2458203.173,0.13421
2018-03-25 07:31:11.999998,2018-03-25 08:55:44.924162,2018-03-25 06:06:39.075834,Kepler-491,19.142038333333335,42.350155,kepler491b,657.0,4.22538451,1e+20,5582.0,Transit,14.014,2458202.98,0.1174288
2018-03-25 07:31:11.999998,2018-03-25 09:40:55.387191,2018-03-25 05:21:28.612805,Kepler-865,19.848285533333335,43.527435,kepler865b,664.0,14.16399294,1e+20,5570.0,Transit,14.48,2458202.98,0.180171
2018-03-25 10:15:21.600004,2018-03-25 10:47:49.055986,2018-03-25 09:42:54.144021,Kepler-1547,18.917604933333333,42.222172,kepler1547b,665.0,0.69297968,1e+20,6078.0,Transit,13.447,2458203.094,0.04508
2018-03-25 14:15:50.399995,2018-03-25 15:10:42.887990,2018-03-25 13:20:57.912000,Kepler-785,19.471220266666666,38.842261,kepler785b,666.0,1.97376093,1e+20,4739.0,Transit,15.715,2458203.261,0.076215
2018-03-25 14:15:50.399995,2018-03-25 15:10:42.887990,2018-03-25 13:20:57.912000,Kepler-785,19.471220266666666,38.842261,kepler785b,666.0,1.97376093,1e+20,4739.0,Transit,15.715,2458203.261,0.076215
2018-03-25 11:00:00,2018-03-25 12:59:02.256010,2018-03-25 09:00:57.743990,Kepler-1466,19.322081466666667,44.609863,kepler1466b,686.0,31.1750448,1e+20,5884.0,Transit,13.926,2458203.125,0.16533
2018-03-25 05:46:04.800011,2018-03-25 06:18:21.456012,2018-03-25 05:13:48.144009,Kepler-1067,19.025827266666667,45.049053,kepler1067b,689.0,0.76212926,1e+20,5592.0,Transit,14.305,2458202.907,0.04483
2018-03-25 05:46:04.800011,2018-03-25 06:18:21.456012,2018-03-25 05:13:48.144009,Kepler-1067,19.025827266666667,45.049053,kepler1067b,689.0,0.76212926,1e+20,5592.0,Transit,14.305,2458202.907,0.04483
2018-03-25 13:19:40.800006,2018-03-25 14:12:24.292805,2018-03-25 12:26:57.307207,Kepler-586,19.537148,45.551193,kepler586b,707.0,2.10472218,1e+20,5575.0,Transit,14.427,2458203.222,0.073229
2018-03-25 08:18:43.199983,2018-03-25 09:42:31.679970,2018-03-25 06:54:54.719996,HAT-P-53,1.4580736666666667,38.968147,hatp53b,719.0,1.9616241,1.484,5956.0,Transit,13.73,2458203.013,0.1164
2018-03-25 07:38:23.999989,2018-03-25 08:49:07.320002,2018-03-25 06:27:40.679975,Kepler-790,19.127807800000003,38.872221,kepler790b,727.0,13.73469807,1e+20,5208.0,Transit,15.187,2458202.985,0.098225
2018-03-25 09:58:04.799995,2018-03-25 10:34:32.145604,2018-03-25 09:21:37.454385,Kepler-1317,19.440792066666667,42.115971,kepler1317b,734.0,0.56887443,1e+20,5144.0,Transit,15.23,2458203.082,0.050633
2018-03-25 09:58:04.799995,2018-03-25 10:34:32.145604,2018-03-25 09:21:37.454385,Kepler-1317,19.440792066666667,42.115971,kepler1317b,734.0,0.56887443,1e+20,5144.0,Transit,15.23,2458203.082,0.050633
2018-03-25 13:38:23.999989,2018-03-25 15:35:29.054381,2018-03-25 11:41:18.945597,Kepler-854,19.556752866666667,43.13464,kepler854b,741.0,2.14463285,1e+20,6179.0,Transit,13.48,2458203.235,0.162617
2018-03-25 11:47:31.199985,2018-03-25 13:07:08.255989,2018-03-25 10:27:54.143980,Kepler-1278,18.863795666666665,42.825619,kepler1278b,743.0,3.23941344,1e+20,6074.0,Transit,13.658,2458203.158,0.11058
2018-03-25 13:38:23.999989,2018-03-25 15:53:36.527984,2018-03-25 11:23:11.471994,Kepler-634,19.413004333333333,40.702706,kepler634b,757.0,5.16950177,1e+20,6075.0,Transit,13.55,2458203.235,0.18779
2018-03-25 11:59:02.400017,2018-03-25 13:08:49.344034,2018-03-25 10:49:15.456001,Kepler-770,19.099361866666666,38.374907,kepler770c,761.0,1.47532231,1e+20,5598.0,Transit,14.604,2458203.166,0.09692
2018-03-25 14:44:38.399996,2018-03-25 15:16:21.921597,2018-03-25 14:12:54.878396,Kepler-1320,19.228906066666664,40.380875,kepler1320b,771.0,0.86838653,1e+20,4817.0,Transit,15.898,2458203.281,0.044063
2018-03-25 09:01:55.200005,2018-03-25 10:10:50.347200,2018-03-25 07:53:00.052811,Kepler-1123,19.634511133333334,50.670399,kepler1123b,796.0,4.33946454,1e+20,5500.0,Transit,14.822,2458203.043,0.095721
2018-03-25 11:46:04.800011,2018-03-25 12:54:22.320010,2018-03-25 10:37:47.280011,Kepler-17,19.893018266666665,47.815006,kepler17b,800.0,1.4857108,2.45,5781.0,Transit,14.141,2458203.157,0.09485
2018-03-25 12:58:04.799995,2018-03-25 14:03:27.705612,2018-03-25 11:52:41.894377,Kepler-862,19.85195106666667,46.492741,kepler862b,806.0,3.14866453,1e+20,5333.0,Transit,15.297,2458203.207,0.090808
2018-03-25 14:17:16.800009,2018-03-25 14:55:59.534423,2018-03-25 13:38:34.065595,Kepler-1264,19.3256252,45.211502,kepler1264b,814.0,0.96852602,1e+20,5791.0,Transit,14.511,2458203.262,0.053767
2018-03-25 14:17:16.800009,2018-03-25 14:55:59.534423,2018-03-25 13:38:34.065595,Kepler-1264,19.3256252,45.211502,kepler1264b,814.0,0.96852602,1e+20,5791.0,Transit,14.511,2458203.262,0.053767
2018-03-25 10:09:35.999987,2018-03-25 12:38:44.361590,2018-03-25 07:40:27.638385,Kepler-562,19.341308466666664,46.273811,kepler562b,822.0,18.00931444,1e+20,5575.0,Transit,14.794,2458203.09,0.207138
2018-03-25 14:17:16.800009,2018-03-25 16:01:44.040004,2018-03-25 12:32:49.560014,Kepler-1073,19.61018,38.233048,kepler1073b,837.0,8.67888593,1e+20,5792.0,Transit,14.523,2458203.262,0.145075
2018-03-25 10:22:33.599994,2018-03-25 10:55:37.041579,2018-03-25 09:49:30.158409,Kepler-1284,19.41860013333333,47.687649,kepler1284b,852.0,0.66407381,1e+20,5123.0,Transit,15.645,2458203.099,0.045913
2018-03-25 10:22:33.599994,2018-03-25 10:55:37.041579,2018-03-25 09:49:30.158409,Kepler-1284,19.41860013333333,47.687649,kepler1284b,852.0,0.66407381,1e+20,5123.0,Transit,15.645,2458203.099,0.045913
2018-03-25 09:36:28.799983,2018-03-25 10:26:57.854364,2018-03-25 08:45:59.745602,Kepler-1011,19.826769733333332,46.824001,kepler1011b,860.0,5.75322197,1e+20,5416.0,Transit,15.196,2458203.067,0.070117
2018-03-25 13:41:16.800017,2018-03-25 14:32:29.227206,2018-03-25 12:50:04.372828,Kepler-724,19.563655866666668,44.792797,kepler724b,862.0,3.31494634,1e+20,5437.0,Transit,15.142,2458203.237,0.071121
2018-03-25 12:58:04.799995,2018-03-25 13:54:18.374414,2018-03-25 12:01:51.225575,Kepler-656,19.221859933333334,47.381592,kepler656b,867.0,1.26025909,1e+20,5281.0,Transit,15.342,2458203.207,0.078092
2018-03-25 07:06:43.199999,2018-03-25 08:47:36.945598,2018-03-25 05:25:49.454400,Kepler-761,19.366906933333333,44.143581,kepler761b,867.0,10.12804789,1e+20,5706.0,Transit,14.743,2458202.963,0.140133
2018-03-25 12:58:04.799995,2018-03-25 13:54:18.374414,2018-03-25 12:01:51.225575,Kepler-656,19.221859933333334,47.381592,kepler656b,867.0,1.26025909,1e+20,5281.0,Transit,15.342,2458203.207,0.078092
2018-03-25 14:41:45.600008,2018-03-25 15:44:50.265620,2018-03-25 13:38:40.934397,Kepler-1003,19.4680304,44.876217,kepler1003b,873.0,3.55485691,1e+20,6109.0,Transit,14.053,2458203.279,0.087608
2018-03-25 08:15:50.399995,2018-03-25 09:38:19.305600,2018-03-25 06:53:21.494390,Kepler-1098,19.700180333333332,43.232796,kepler1098b,876.0,2.54307286,1e+20,5794.0,Transit,14.736,2458203.011,0.114558
2018-03-25 12:14:52.800012,2018-03-25 13:06:07.344028,2018-03-25 11:23:38.255997,Kepler-1208,19.458750866666666,44.555729,kepler1208b,877.0,11.08507637,1e+20,5001.0,Transit,15.938,2458203.177,0.07117
2018-03-25 09:52:19.200018,2018-03-25 11:37:04.800003,2018-03-25 08:07:33.600034,Kepler-1189,19.89508953333333,47.946785,kepler1189b,883.0,3.78858982,1e+20,6012.0,Transit,14.285,2458203.078,0.1455
2018-03-25 09:35:02.400009,2018-03-25 14:05:54.672025,2018-03-25 05:04:10.127994,Kepler-1508,19.874592333333332,40.375047,kepler1508b,892.0,20.7056504,1e+20,6158.0,Transit,14.276,2458203.066,0.37621
2018-03-25 14:50:24.000013,2018-03-25 15:53:20.544003,2018-03-25 13:47:27.456023,Kepler-1528,19.160196199999998,46.573986,kepler1528b,916.0,1.79111021,1e+20,5857.0,Transit,14.496,2458203.285,0.08742
2018-03-25 09:17:45.600000,2018-03-25 10:38:52.943988,2018-03-25 07:56:38.256013,Kepler-1420,19.746920666666664,42.777832,kepler1420b,923.0,6.69960006,1e+20,5187.0,Transit,15.883,2458203.054,0.11267
2018-03-25 09:07:40.799982,2018-03-25 09:50:20.227177,2018-03-25 08:25:01.372786,Kepler-1355,18.916094400000002,49.067978,kepler1355b,963.0,1.28958811,1e+20,5352.0,Transit,15.471,2458203.047,0.059246
2018-03-25 09:07:40.799982,2018-03-25 09:50:20.227177,2018-03-25 08:25:01.372786,Kepler-1355,18.916094400000002,49.067978,kepler1355b,963.0,1.28958811,1e+20,5352.0,Transit,15.471,2458203.047,0.059246
2018-03-25 11:23:02.399985,2018-03-25 13:00:10.727978,2018-03-25 09:45:54.071993,Kepler-723,18.988697866666666,44.658142,kepler723b,965.0,4.08227507,1e+20,5539.0,Transit,15.198,2458203.141,0.134915
2018-03-25 10:58:33.599986,2018-03-25 13:55:35.183975,2018-03-25 08:01:32.015997,Kepler-602,19.735465533333336,42.141949,kepler602b,971.0,15.28469497,1e+20,6062.0,Transit,14.519,2458203.124,0.24587
2018-03-25 08:35:59.999992,2018-03-25 09:59:30.292792,2018-03-25 07:12:29.707192,Kepler-1072,19.469625333333333,46.329025,kepler1072b,976.0,1.5690665,1e+20,6199.0,Transit,13.93,2458203.025,0.115979
2018-03-25 12:27:50.400019,2018-03-25 15:34:23.520035,2018-03-25 09:21:17.280003,Kepler-14,19.180587600000003,47.33305,kepler14b,980.0,6.790123,8.4,6395.0,Transit,12.128,2458203.186,0.2591
2018-03-25 09:00:28.799991,2018-03-25 10:56:29.227174,2018-03-25 07:04:28.372808,Kepler-738,19.171310933333334,46.567859,kepler738b,992.0,24.58721573,1e+20,5327.0,Transit,15.598,2458203.042,0.161121
2018-03-25 13:26:52.799996,2018-03-25 14:15:28.799991,2018-03-25 12:38:16.800001,Kepler-1561,19.794906933333333,43.566467,kepler1561b,993.0,1.00520701,1e+20,5957.0,Transit,14.658,2458203.227,0.0675
2018-03-25 13:26:52.799996,2018-03-25 14:15:28.799991,2018-03-25 12:38:16.800001,Kepler-1561,19.794906933333333,43.566467,kepler1561b,993.0,1.00520701,1e+20,5957.0,Transit,14.658,2458203.227,0.0675
2018-03-25 13:26:52.799996,2018-03-25 14:15:28.799991,2018-03-25 12:38:16.800001,Kepler-1561,19.794906933333333,43.566467,kepler1561b,993.0,1.00520701,1e+20,5957.0,Transit,14.658,2458203.227,0.0675
2018-03-25 08:18:43.199983,2018-03-25 09:48:40.305571,2018-03-25 06:48:46.094395,Kepler-1127,19.5478256,42.720707,kepler1127b,996.0,5.12330347,1e+20,5664.0,Transit,15.162,2458203.013,0.124933
2018-03-25 11:51:50.399987,2018-03-25 11:51:50.399987,2018-03-25 11:51:50.399987,WTS-2,19.5821864,36.815491,wts2b,1000.0,1.0187068,1.12,5000.0,Transit,15.9,2458203.161,0.0
2018-03-25 11:51:50.399987,2018-03-25 11:51:50.399987,2018-03-25 11:51:50.399987,WTS-2,19.5821864,36.815491,wts2b,1000.0,1.0187068,1.12,5000.0,Transit,15.9,2458203.161,0.0
2018-03-25 10:21:07.200020,2018-03-25 11:36:46.656025,2018-03-25 09:05:27.744015,Kepler-736,19.026088066666667,46.180939,kepler736b,1007.0,3.60147201,1e+20,5217.0,Transit,15.733,2458203.098,0.10508
2018-03-25 13:36:57.600015,2018-03-25 14:17:08.678428,2018-03-25 12:56:46.521602,Kepler-757,19.778695866666666,41.386515,kepler757b,1016.0,1.02267882,1e+20,6014.0,Transit,14.803,2458203.234,0.055812
2018-03-25 13:36:57.600015,2018-03-25 14:17:08.678428,2018-03-25 12:56:46.521602,Kepler-757,19.778695866666666,41.386515,kepler757b,1016.0,1.02267882,1e+20,6014.0,Transit,14.803,2458203.234,0.055812
2018-03-25 13:36:57.600015,2018-03-25 14:17:08.678428,2018-03-25 12:56:46.521602,Kepler-757,19.778695866666666,41.386515,kepler757b,1016.0,1.02267882,1e+20,6014.0,Transit,14.803,2458203.234,0.055812
2018-03-25 07:02:23.999997,2018-03-25 07:02:23.999997,2018-03-25 07:02:23.999997,Kepler-412,19.0740218,43.680958,kepler412b,1056.0,1.7208604,0.941,5750.0,Transit,13.73,2458202.96,0.0
2018-03-25 07:02:23.999997,2018-03-25 07:02:23.999997,2018-03-25 07:02:23.999997,Kepler-412,19.0740218,43.680958,kepler412b,1056.0,1.7208604,0.941,5750.0,Transit,13.73,2458202.96,0.0
2018-03-25 06:40:47.999986,2018-03-25 07:26:06.878378,2018-03-25 05:55:29.121593,Kepler-619,19.389937200000002,48.416016,kepler619c,1111.0,1.20846503,1e+20,5980.0,Transit,14.697,2458202.945,0.062937
2018-03-25 06:46:33.600002,2018-03-25 07:41:05.827194,2018-03-25 05:52:01.372810,Kepler-1282,19.3450782,46.698338,kepler1282b,1126.0,2.13194651,1e+20,5504.0,Transit,15.545,2458202.949,0.075746
2018-03-25 14:46:04.800011,2018-03-25 15:48:20.692803,2018-03-25 13:43:48.907219,Kepler-1106,19.409680066666667,44.062546,kepler1106b,1168.0,1.25275217,1e+20,6104.0,Transit,14.69,2458203.282,0.086479
2018-03-25 14:46:04.800011,2018-03-25 15:48:20.692803,2018-03-25 13:43:48.907219,Kepler-1106,19.409680066666667,44.062546,kepler1106b,1168.0,1.25275217,1e+20,6104.0,Transit,14.69,2458203.282,0.086479
2018-03-25 14:54:43.200015,2018-03-25 16:13:53.472016,2018-03-25 13:35:32.928014,Kepler-1573,19.53255653333333,49.48497,kepler1573b,1180.0,2.6157554,1e+20,5808.0,Transit,15.18,2458203.288,0.10996
2018-03-25 11:38:52.799980,2018-03-25 13:22:50.015998,2018-03-25 09:54:55.583962,Kepler-750,19.273124933333335,44.004379,kepler750c,1181.0,4.08899022,1e+20,6160.0,Transit,14.5,2458203.152,0.14438
2018-03-25 13:55:40.799998,2018-03-25 14:44:25.267217,2018-03-25 13:06:56.332778,Kepler-1322,19.54696806666667,45.435402,kepler1322b,1217.0,0.96286738,1e+20,5488.0,Transit,15.81,2458203.247,0.067696
2018-03-25 13:55:40.799998,2018-03-25 14:44:25.267217,2018-03-25 13:06:56.332778,Kepler-1322,19.54696806666667,45.435402,kepler1322b,1217.0,0.96286738,1e+20,5488.0,Transit,15.81,2458203.247,0.067696
2018-03-25 12:43:40.800014,2018-03-25 14:00:54.000029,2018-03-25 11:26:27.599999,Kepler-1476,18.968806400000002,43.989956,kepler1476b,1218.0,10.35863224,1e+20,5663.0,Transit,15.408,2458203.197,0.10725
2018-03-25 12:50:52.800004,2018-03-25 15:28:02.928014,2018-03-25 10:13:42.671995,Kepler-875,19.82008666666667,43.141888,kepler875b,1244.0,27.5073799,1e+20,5958.0,Transit,15.219,2458203.202,0.21829
2018-03-25 13:18:14.399992,2018-03-25 15:01:50.067827,2018-03-25 11:34:38.732157,Kepler-490,19.668378466666663,46.956005,kepler490b,1249.0,3.26869515,1e+20,6045.0,Transit,14.879,2458203.221,0.1438812
2018-03-25 14:25:55.200014,2018-03-25 15:24:21.744019,2018-03-25 13:27:28.656008,Kepler-1399,19.55411206666667,46.041714,kepler1399b,1256.0,1.63865306,1e+20,5735.0,Transit,15.49,2458203.268,0.08117
2018-03-25 12:03:21.600020,2018-03-25 12:49:35.472039,2018-03-25 11:17:07.728000,Kepler-1585,19.743933666666667,44.563114,kepler1585b,1269.0,3.5827463,1e+20,5538.0,Transit,15.965,2458203.169,0.06421
2018-03-25 07:16:48.000018,2018-03-25 09:11:43.454429,2018-03-25 05:21:52.545606,Kepler-666,19.897122666666668,48.791592,kepler666b,1330.0,4.49876092,1e+20,5887.0,Transit,15.395,2458202.97,0.159617
2018-03-25 14:00:00,2018-03-25 15:51:03.038412,2018-03-25 12:08:56.961588,Kepler-769,19.51420673333333,38.358213,kepler769b,1362.0,7.42608998,1e+20,6186.0,Transit,14.818,2458203.25,0.154237
2018-03-25 11:21:36.000011,2018-03-25 13:21:28.800023,2018-03-25 09:21:43.199999,Kepler-1307,19.524656,46.741859,kepler1307b,1396.0,18.01621096,1e+20,5884.0,Transit,15.394,2458203.14,0.1665
2018-03-25 13:35:31.200001,2018-03-25 15:20:43.065584,2018-03-25 11:50:19.334418,Kepler-644,19.69838286666667,43.493137,kepler644b,1413.0,3.1739171,1e+20,6747.0,Transit,13.949,2458203.233,0.146108
2018-03-25 10:00:57.599983,2018-03-25 11:14:08.016000,2018-03-25 08:47:47.183965,Kepler-1557,19.592094200000002,46.838879,kepler1557b,1532.0,3.74032496,1e+20,6099.0,Transit,15.331,2458203.084,0.10163
2018-03-25 09:40:47.999986,2018-03-25 10:37:54.278404,2018-03-25 08:43:41.721567,Kepler-1368,19.651132333333333,41.64468,kepler1368b,1750.0,0.67564949,1e+20,5906.0,Transit,15.892,2458203.07,0.079312
2018-03-25 07:38:23.999989,2018-03-25 09:08:54.239978,2018-03-25 06:07:53.760000,Kepler-225,19.47959893333333,47.457096,kepler225b,-99.0,6.738975,1e+20,3682.0,Transit,15.962,2458202.985,0.1257
2018-03-25 10:52:48.000010,2018-03-25 11:47:36.427194,2018-03-25 09:57:59.572825,Kepler-255,19.737615533333333,45.976841,kepler255d,-99.0,1.04562266,1e+20,5573.0,Transit,15.596,2458203.12,0.076121
2018-03-25 10:52:48.000010,2018-03-25 11:47:36.427194,2018-03-25 09:57:59.572825,Kepler-255,19.737615533333333,45.976841,kepler255d,-99.0,1.04562266,1e+20,5573.0,Transit,15.596,2458203.12,0.076121
2018-03-25 12:37:55.199997,2018-03-25 13:59:03.840015,2018-03-25 11:16:46.559980,Kepler-251,19.771082466666666,44.105865,kepler251b,-99.0,4.790936,1e+20,5526.0,Transit,15.223,2458203.193,0.1127
2018-03-25 06:59:31.200009,2018-03-25 06:59:31.200009,2018-03-25 06:59:31.200009,Kepler-223,19.8878904,47.279495,kepler223e,-99.0,19.72567,0.0151,10000.0,Transit,15.344,2458202.958,0.0
2018-03-25 07:02:23.999997,2018-03-25 07:02:23.999997,2018-03-25 07:02:23.999997,Kepler-95,18.965497266666667,44.398037,kepler95b,-99.0,11.5231,0.041,5699.0,Transit,12.346,2458202.96,0.0
2018-03-25 14:30:14.400016,2018-03-25 16:05:03.840007,2018-03-25 12:55:24.960025,Kepler-246,19.7655618,42.663429,kepler246c,-99.0,11.187161,1e+20,5206.0,Transit,15.024,2458203.271,0.1317
2018-03-25 08:04:19.200002,2018-03-25 08:04:19.200002,2018-03-25 08:04:19.200002,Kepler-96,19.804642866666665,40.525141,kepler96b,-99.0,16.2385,0.027,5690.0,Transit,10.297,2458203.003,0.0
2018-03-25 14:41:45.600008,2018-03-25 16:37:40.800022,2018-03-25 12:45:50.399995,Kepler-101,18.883699266666667,48.355228,kepler101b,-99.0,3.4876812,0.16,5667.0,Transit,13.8,2458203.279,0.161
2018-03-25 10:47:02.399993,2018-03-25 11:35:47.039974,2018-03-25 09:58:17.760013,Kepler-220,19.433749133333333,46.895779,kepler220b,-99.0,4.159807,1e+20,4632.0,Transit,13.177,2458203.116,0.0677
2018-03-25 14:34:33.600018,2018-03-25 14:34:33.600018,2018-03-25 14:34:33.600018,Kepler-109,19.359514733333334,40.284875,kepler109b,-99.0,6.48163,1e+20,5952.0,Transit,12.365,2458203.274,0.0
2018-03-25 06:24:57.599991,2018-03-25 07:23:55.679975,2018-03-25 05:25:59.520006,Kepler-181,19.7434268,50.095806,kepler181c,-99.0,4.302149,1e+20,5333.0,Transit,14.707,2458202.934,0.0819
2018-03-25 07:19:40.800006,2018-03-25 09:01:20.640024,2018-03-25 05:38:00.959988,Kepler-172,18.891227533333332,41.821857,kepler172c,-99.0,6.388996,1e+20,5526.0,Transit,14.532,2458202.972,0.1412
2018-03-25 09:13:26.399998,2018-03-25 09:13:26.399998,2018-03-25 09:13:26.399998,WASP-81,20.28052573333333,3.29405,wasp81b,-99.0,2.7164762,0.729,5870.0,Transit,1e+20,2458203.051,0.0
2018-03-25 09:56:38.399980,2018-03-25 11:13:36.479981,2018-03-25 08:39:40.319980,Kepler-171,19.784794266666665,41.755537,kepler171c,-99.0,11.463462,1e+20,5642.0,Transit,14.883,2458203.081,0.1069
2018-03-25 06:46:33.600002,2018-03-25 08:08:47.039990,2018-03-25 05:24:20.160014,Kepler-171,19.784794266666665,41.755537,kepler171b,-99.0,4.166972,1e+20,5642.0,Transit,14.883,2458202.949,0.1142
2018-03-25 14:40:19.199994,2018-03-25 16:30:03.744002,2018-03-25 12:50:34.655987,Kepler-217,19.5358496,46.277508,kepler217d,-99.0,3.88689525,1e+20,6171.0,Transit,13.294,2458203.278,0.15242
2018-03-25 12:40:47.999986,2018-03-25 14:10:47.999986,2018-03-25 11:10:47.999986,Kepler-207,19.335367799999997,42.16605,kepler207b,-99.0,1.611865,1e+20,5920.0,Transit,13.182,2458203.195,0.125
2018-03-25 11:25:55.200014,2018-03-25 12:24:23.040009,2018-03-25 10:27:27.360018,Kepler-205,19.019140733333334,41.861172,kepler205b,-99.0,2.75564,1e+20,4321.0,Transit,13.506,2458203.143,0.0812
2018-03-25 14:59:02.400017,2018-03-25 15:56:03.839999,2018-03-25 14:02:00.960036,Kepler-203,19.805998466666665,41.388039,kepler203b,-99.0,3.162697,1e+20,5821.0,Transit,13.989,2458203.291,0.0792
2018-03-25 09:55:12.000006,2018-03-25 10:34:22.079997,2018-03-25 09:16:01.920016,Kepler-115,19.847456599999997,45.261925,kepler115b,-99.0,2.403679,1e+20,5979.0,Transit,13.431,2458203.08,0.0544
2018-03-25 13:52:48.000010,2018-03-25 13:52:48.000010,2018-03-25 13:52:48.000010,Kepler-407,19.069089799999997,49.614506,kepler407b,-99.0,0.66931,1e+20,5476.0,Transit,12.521,2458203.245,0.0
2018-03-25 12:35:02.400009,2018-03-25 13:44:39.839994,2018-03-25 11:25:24.960025,K2-30,3.4894640666666663,22.299404,k230b,-99.0,4.098503,0.579,5425.0,Transit,13.53,2458203.191,0.0967
2018-03-25 13:52:48.000010,2018-03-25 13:52:48.000010,2018-03-25 13:52:48.000010,Kepler-407,19.069089799999997,49.614506,kepler407b,-99.0,0.66931,1e+20,5476.0,Transit,12.521,2458203.245,0.0
2018-03-25 10:51:21.599995,2018-03-25 14:36:35.856003,2018-03-25 07:06:07.343988,Kepler-403,19.3280974,46.74456,kepler403d,-99.0,13.61159129,1e+20,6090.0,Transit,12.805,2458203.119,0.31283
2018-03-25 11:46:04.800011,2018-03-25 11:46:04.800011,2018-03-25 11:46:04.800011,K2-28,22.374959333333333,-7.955366,k228b,-99.0,2.260455,1e+20,3214.0,Transit,16.061,2458203.157,0.0
2018-03-25 13:52:48.000010,2018-03-25 13:52:48.000010,2018-03-25 13:52:48.000010,Kepler-407,19.069089799999997,49.614506,kepler407b,-99.0,0.66931,1e+20,5476.0,Transit,12.521,2458203.245,0.0
2018-03-25 10:09:35.999987,2018-03-25 10:09:35.999987,2018-03-25 10:09:35.999987,K2-72,22.308131933333335,-9.612382,k272d,-99.0,7.760178,1e+20,3360.47,Transit,15.309,2458203.09,0.0
2018-03-25 11:05:45.600016,2018-03-25 12:01:55.200005,2018-03-25 10:09:36.000027,Kepler-144,18.794378533333333,42.775513,kepler144b,-99.0,5.885273,1e+20,6075.0,Transit,11.992,2458203.129,0.078
2018-03-25 10:11:02.400001,2018-03-25 10:11:02.400001,2018-03-25 10:11:02.400001,Kepler-100,19.425731933333335,41.990273,kepler100b,-99.0,6.88705,0.023,5825.0,Transit,11.197,2458203.091,0.0
2018-03-25 12:46:33.600002,2018-03-25 14:25:37.920003,2018-03-25 11:07:29.280001,Kepler-142,19.674593266666665,48.481281,kepler142c,-99.0,4.761702,1e+20,5790.0,Transit,13.203,2458203.199,0.1376
2018-03-25 12:10:33.600010,2018-03-25 13:42:51.840017,2018-03-25 10:38:15.360003,Kepler-65,19.24591333333333,41.151173,kepler65b,-99.0,2.15491,1e+20,6211.0,Transit,11.018,2458203.174,0.1282
2018-03-25 08:30:14.400016,2018-03-25 11:12:14.400000,2018-03-25 05:48:14.400032,Kepler-393,19.3996838,45.192215,kepler393c,-99.0,14.613612,1e+20,6189.0,Transit,13.223,2458203.021,0.225
2018-03-25 11:44:38.399996,2018-03-25 11:44:38.399996,2018-03-25 11:44:38.399996,Kepler-78,19.582779333333335,44.44833,kepler78b,-99.0,0.355,0.006,5058.0,Transit,11.551,2458203.156,0.0
2018-03-25 11:44:38.399996,2018-03-25 11:44:38.399996,2018-03-25 11:44:38.399996,Kepler-78,19.582779333333335,44.44833,kepler78b,-99.0,0.355,0.006,5058.0,Transit,11.551,2458203.156,0.0
2018-03-25 11:44:38.399996,2018-03-25 11:44:38.399996,2018-03-25 11:44:38.399996,Kepler-78,19.582779333333335,44.44833,kepler78b,-99.0,0.355,0.006,5058.0,Transit,11.551,2458203.156,0.0
2018-03-25 14:24:28.799999,2018-03-25 15:23:39.840002,2018-03-25 13:25:17.759997,Kepler-286,19.378409666666666,48.294289,kepler286b,-99.0,1.796302,1e+20,5580.0,Transit,15.587,2458203.267,0.0822
2018-03-25 12:33:35.999995,2018-03-25 13:53:00.959988,2018-03-25 11:14:11.040003,Kepler-272,19.941834933333332,47.59383,kepler272b,-99.0,2.971353,1e+20,5297.0,Transit,14.678,2458203.19,0.1103
2018-03-25 08:54:43.200015,2018-03-25 10:26:48.480003,2018-03-25 07:22:37.920027,Kepler-263,19.497984133333333,37.567794,kepler263c,-99.0,47.332773,1e+20,5265.0,Transit,15.391,2458203.038,0.1279
2018-03-25 07:09:35.999987,2018-03-25 08:19:04.799986,2018-03-25 06:00:07.199988,Kepler-306,19.235911400000003,40.61614,kepler306b,-99.0,4.646186,1e+20,4954.0,Transit,15.565,2458202.965,0.0965
2018-03-25 11:46:04.800011,2018-03-25 13:05:59.999992,2018-03-25 10:26:09.600029,Kepler-390,19.441918466666667,41.208603,kepler390c,-99.0,13.060022,1e+20,5166.0,Transit,13.942,2458203.157,0.111
2018-03-25 14:21:36.000011,2018-03-25 15:50:26.880008,2018-03-25 12:52:45.120015,Kepler-380,18.826307733333334,48.75914,kepler380b,-99.0,3.930821,1e+20,6045.0,Transit,13.652,2458203.265,0.1234
2018-03-25 11:33:07.200004,2018-03-25 12:49:43.680001,2018-03-25 10:16:30.720007,Kepler-339,19.556780800000002,48.444641,kepler339b,-99.0,4.977656,1e+20,5631.0,Transit,14.531,2458203.148,0.1064
2018-03-25 09:09:07.199996,2018-03-25 10:31:59.519998,2018-03-25 07:46:14.879993,Kepler-336,19.3491762,41.33137,kepler336b,-99.0,2.024823,1e+20,5867.0,Transit,13.598,2458203.048,0.1151
2018-03-25 12:13:26.399998,2018-03-25 12:13:26.399998,2018-03-25 12:13:26.399998,Kepler-76,19.612807866666667,39.619003,kepler76b,-99.0,1.5449298,2.01,6409.0,Orbital Brightness Modulation,13.308,2458203.176,0.0
2018-03-25 12:32:09.599981,2018-03-25 13:42:56.159969,2018-03-25 11:21:23.039993,Kepler-323,19.425482666666667,38.127473,kepler323b,-99.0,1.678327,1e+20,5987.0,Transit,12.722,2458203.189,0.0983
2018-03-25 08:08:38.400005,2018-03-25 09:31:00.480018,2018-03-25 06:46:16.319991,Kepler-318,19.8988552,46.793617,kepler318b,-99.0,4.662715,1e+20,5746.0,Transit,13.297,2458203.006,0.1144
2018-03-25 15:07:40.799982,2018-03-25 16:21:15.839965,2018-03-25 13:54:05.759998,Kepler-312,19.89305146666667,42.459756,kepler312b,-99.0,1.772419,1e+20,6115.0,Transit,12.949,2458203.297,0.1022
2018-03-25 12:17:45.600000,2018-03-25 13:07:13.439988,2018-03-25 11:28:17.760013,Kepler-164,19.18538853333333,47.629913,kepler164b,-99.0,5.03503,1e+20,5888.0,Transit,14.282,2458203.179,0.0687
