pl_hostname,ra,dec,Planet Name,st_dist,pl_orbper,pl_bmassj,st_teff,pl_discmethod,st_optmag,tr_midp_jd,pl_trandur
HD 219134,348.32074,57.168354,hd219134b,6.55,3.092926,0.01491,4699.0,Radial Velocity,5.57,2458203.037,0.039375
GJ 436,175.546219,26.70657,gj436b,10.23,2.64388312,0.07,,Radial Velocity,10.67,2458201.662,
TRAPPIST-1,346.622013,-5.041274,trappist1c,12.1,2.4218233,0.00434,2559.0,Transit,18.8,2458203.1,0.029425
TRAPPIST-1,346.622013,-5.041274,trappist1e,12.1,6.099615,0.00195,2559.0,Transit,18.8,2458203.244,0.0397292
55 Cnc,133.149216,28.330818,55cnce,12.53,0.736539,0.02542,5196.0,Radial Velocity,5.96,2458202.628,
55 Cnc,133.149216,28.330818,55cnce,12.53,0.736539,0.02542,5196.0,Radial Velocity,5.96,2458203.365,
55 Cnc,133.149216,28.330818,55cnce,12.53,0.736539,0.02542,5196.0,Radial Velocity,5.96,2458202.628,
55 Cnc,133.149216,28.330818,55cnce,12.53,0.736539,0.02542,5196.0,Radial Velocity,5.96,2458203.365,
HD 189733,300.182129,22.710854,hd189733b,19.25,2.2185752,,4875.0,Radial Velocity,7.67,2458201.878,0.075152
GJ 3470,119.774349,15.391492,gj3470b,25.2,3.3366487,0.043,3652.0,Radial Velocity,12.33,2458202.576,
HIP 57274,176.170685,30.959293,hip57274b,25.87,8.1352,0.0365,,Radial Velocity,8.98,2458201.663,0.1283333
Kepler-444,289.752289,41.634605,kepler444b,35.7,3.6001053,,5046.0,Transit,8.88,2458202.755,
Kepler-444,289.752289,41.634605,kepler444c,35.7,4.5458841,,5046.0,Transit,8.88,2458201.191,
HAT-P-11,297.709351,48.080856,hatp11b,38.0,4.8878162,0.081,4780.0,Transit,9.472,2458203.324,0.0957
Kepler-42,292.219033,44.61916,kepler42c,38.7,0.45328509,,3068.0,Transit,16.124,2458201.965,
Kepler-42,292.219033,44.61916,kepler42c,38.7,0.45328509,,3068.0,Transit,16.124,2458202.872,
Kepler-42,292.219033,44.61916,kepler42c,38.7,0.45328509,,3068.0,Transit,16.124,2458201.965,
Kepler-42,292.219033,44.61916,kepler42b,38.7,1.2137672,,3068.0,Transit,16.124,2458202.974,
Kepler-42,292.219033,44.61916,kepler42b,38.7,1.2137672,,3068.0,Transit,16.124,2458201.76,
Kepler-42,292.219033,44.61916,kepler42d,38.7,1.865169,,3068.0,Transit,16.124,2458202.853,
Kepler-42,292.219033,44.61916,kepler42c,38.7,0.45328509,,3068.0,Transit,16.124,2458202.872,
Kepler-42,292.219033,44.61916,kepler42b,38.7,1.2137672,,3068.0,Transit,16.124,2458201.76,
Kepler-42,292.219033,44.61916,kepler42b,38.7,1.2137672,,3068.0,Transit,16.124,2458202.974,
HD 3167,8.739684,4.381469,hd3167b,45.8,0.959641,0.01579,5261.0,Transit,8.94,2458202.392,0.0675833
HD 3167,8.739684,4.381469,hd3167b,45.8,0.959641,0.01579,5261.0,Transit,8.94,2458203.352,0.0675833
HD 3167,8.739684,4.381469,hd3167b,45.8,0.959641,0.01579,5261.0,Transit,8.94,2458202.392,0.0675833
HD 3167,8.739684,4.381469,hd3167b,45.8,0.959641,0.01579,5261.0,Transit,8.94,2458203.352,0.0675833
WASP-69,315.025778,-5.094404,wasp69b,50.0,3.8681382,0.26,4715.0,Transit,9.87,2458201.233,0.0929
Kepler-1651,283.628354,48.391022,kepler1651b,69.4,9.87863917,,3713.0,Transit,13.496,2458201.728,
Kepler-1308,285.928896,38.520962,kepler1308b,73.0,2.10433812,,3468.0,Transit,14.488,2458202.787,0.04595
K2-122,126.476311,20.35957,k2122b,74.0,2.219405,,3993.36,Transit,13.15,2458202.704,
WASP-43,154.908372,-9.806276,wasp43b,80.0,0.813475,1.78,4400.0,Transit,12.4,2458202.76,0.0483
HAT-P-22,155.681719,50.128345,hatp22b,82.0,3.21222,2.147,5302.0,Transit,9.732,2458203.472,0.1196
WASP-10,348.992912,31.462852,wasp10b,90.0,3.0927616,3.15,4675.0,Transit,12.7,2458202.157,0.0928
Kepler-21,287.361816,38.714016,kepler21b,113.0,2.78578,0.01598,6305.0,Transit,8.25,2458202.752,0.1496
WASP-33,36.712746,37.550484,wasp33b,116.14,1.2198669,4.1,7430.0,Transit,8.142,2458202.203,
WASP-33,36.712746,37.550484,wasp33b,116.14,1.2198669,4.1,7430.0,Transit,8.142,2458203.423,
WASP-33,36.712746,37.550484,wasp33b,116.14,1.2198669,4.1,7430.0,Transit,8.142,2458203.423,
WASP-33,36.712746,37.550484,wasp33b,116.14,1.2198669,4.1,7430.0,Transit,8.142,2458202.203,
Kepler-446,282.250207,44.921102,kepler446b,120.0,1.565409,,3359.0,Transit,16.257,2458203.179,0.0269
WASP-74,304.538823,-1.075676,wasp74b,120.0,2.13775,0.95,5970.0,Transit,9.7,2458202.128,0.0955
KELT-7,78.295532,33.318165,kelt7b,129.0,2.7347749,1.28,6789.0,Transit,8.54,2458201.203,0.1463
Kepler-68,291.032305,49.040272,kepler68b,135.0,5.39875,0.01878,5793.0,Transit,9.99,2458202.918,
HAT-P-3,206.094121,48.028667,hatp3b,138.0,2.899736,0.591,5185.0,Transit,11.577,2458202.997,0.0865
WASP-52,348.494748,8.761262,wasp52b,140.0,1.7497798,0.46,5000.0,Transit,12.0,2458201.378,0.0754
WASP-52,348.494748,8.761262,wasp52b,140.0,1.7497798,0.46,5000.0,Transit,12.0,2458203.128,0.0754
WASP-52,348.494748,8.761262,wasp52b,140.0,1.7497798,0.46,5000.0,Transit,12.0,2458201.378,0.0754
WASP-156,32.781708,2.418,wasp156b,140.0,3.836169,0.128,4910.0,Transit,11.6,2458203.146,0.1004167
WASP-52,348.494748,8.761262,wasp52b,140.0,1.7497798,0.46,5000.0,Transit,12.0,2458203.128,0.0754
XO-2 N,117.026968,50.2258,xo2nb,145.5,2.61585922,0.597,5332.0,Transit,11.138,2458202.333,
Kepler-732,283.732021,45.958771,kepler732c,150.0,0.89304124,,3631.0,Transit,15.073,2458201.243,0.046008
Kepler-732,283.732021,45.958771,kepler732c,150.0,0.89304124,,3631.0,Transit,15.073,2458201.243,0.046008
Kepler-732,283.732021,45.958771,kepler732c,150.0,0.89304124,,3631.0,Transit,15.073,2458202.136,0.046008
Kepler-732,283.732021,45.958771,kepler732c,150.0,0.89304124,,3631.0,Transit,15.073,2458201.243,0.046008
Kepler-732,283.732021,45.958771,kepler732c,150.0,0.89304124,,3631.0,Transit,15.073,2458203.029,0.046008
Kepler-732,283.732021,45.958771,kepler732c,150.0,0.89304124,,3631.0,Transit,15.073,2458202.136,0.046008
Kepler-732,283.732021,45.958771,kepler732b,150.0,9.46781405,,3631.0,Transit,15.073,2458202.07,0.101821
Kepler-617,283.74071,47.516293,kepler617b,150.0,1.68269615,,3712.0,Transit,14.818,2458202.258,0.0575
Kepler-732,283.732021,45.958771,kepler732c,150.0,0.89304124,,3631.0,Transit,15.073,2458202.136,0.046008
Kepler-732,283.732021,45.958771,kepler732c,150.0,0.89304124,,3631.0,Transit,15.073,2458203.029,0.046008
Kepler-732,283.732021,45.958771,kepler732c,150.0,0.89304124,,3631.0,Transit,15.073,2458203.029,0.046008
CoRoT-7,100.956125,-1.063033,corot7b,153.7,0.85359159,0.018,5259.0,Transit,11.668,2458203.389,0.0441
CoRoT-7,100.956125,-1.063033,corot7b,153.7,0.85359159,0.018,5259.0,Transit,11.668,2458202.535,0.0441
CoRoT-7,100.956125,-1.063033,corot7b,153.7,0.85359159,0.018,5259.0,Transit,11.668,2458203.389,0.0441
CoRoT-7,100.956125,-1.063033,corot7b,153.7,0.85359159,0.018,5259.0,Transit,11.668,2458202.535,0.0441
WASP-14,218.276477,21.894714,wasp14b,160.0,2.243752,7.341,6475.0,Transit,9.75,2458201.667,0.1275
Kepler-1446,289.42396,46.72617,kepler1446b,162.0,0.68996783,,4865.0,Transit,12.411,2458201.274,0.050563
Kepler-1446,289.42396,46.72617,kepler1446b,162.0,0.68996783,,4865.0,Transit,12.411,2458201.964,0.050563
Kepler-1446,289.42396,46.72617,kepler1446b,162.0,0.68996783,,4865.0,Transit,12.411,2458201.274,0.050563
Kepler-1446,289.42396,46.72617,kepler1446b,162.0,0.68996783,,4865.0,Transit,12.411,2458201.964,0.050563
Kepler-994,289.072225,47.40707,kepler994b,170.0,1.15116651,,3934.0,Transit,14.44,2458202.161,0.049504
Kepler-1053,291.418635,39.127415,kepler1053b,171.0,2.41435165,,4529.0,Transit,13.156,2458203.074,0.051033
Kepler-10,285.679394,50.241299,kepler10b,173.0,0.837491,0.0145,5627.0,Transit,10.94,2458203.153,
XO-3,65.469581,57.817181,xo3b,174.0,3.1915239,11.79,6429.0,Transit,,2458203.1,0.1245
KELT-3,148.643324,40.388069,kelt3b,178.0,2.7033904,1.477,6306.0,Transit,9.873,2458202.414,0.1313
KELT-9,307.859802,39.938828,kelt9b,188.7,1.4811235,2.88,10170.0,Transit,7.55,2458202.085,0.16316
HAT-P-30,123.949894,5.836719,hatp30b,193.0,2.810595,0.711,6304.0,Transit,10.419,2458202.417,0.0887
Kepler-1019,283.717526,47.204449,kepler1019b,198.0,1.41122985,,4433.0,Transit,13.59,2458203.004,0.057967
WASP-47,331.203047,-12.018885,wasp47e,200.0,0.789636,0.02863,5576.0,Transit,11.9,2458202.121,
CoRoT-2,291.777056,1.383714,corot2b,200.0,1.7429935,3.47,5625.0,Transit,12.57,2458202.846,0.09446
WASP-47,331.203047,-12.018885,wasp47b,200.0,4.16071,1.21,5576.0,Transit,11.9,2458202.066,
KELT-17,125.617523,13.735319,kelt17b,210.0,3.0801716,1.31,7454.0,Transit,9.286,2458202.557,0.1448
TrES-2,286.808473,49.316402,tres2b,213.0,2.47061317,1.197,5850.0,Transit,11.411,2458202.149,
HAT-P-19,9.516742,34.711575,hatp19b,215.0,4.008778,0.292,4990.0,Transit,12.901,2458202.346,0.1182
WASP-3,278.631793,35.661533,wasp3b,220.0,1.8468355,1.98,6400.0,Transit,10.5,2458203.196,0.1155
Kepler-296,286.540008,49.437326,kepler296d,226.0,19.850291,,3740.0,Transit,15.921,2458202.247,
WASP-39,217.326702,-3.444534,wasp39b,230.0,4.055259,0.28,5400.0,Transit,12.11,2458201.926,0.1168
HAT-P-8,343.041067,35.447109,hatp8b,230.0,3.0763776,1.52,6200.0,Transit,10.3,2458203.162,0.1587
HAT-P-16,9.573181,42.463078,hatp16b,235.0,2.77596,4.193,6158.0,Transit,10.812,2458203.291,0.1276
Kepler-676,296.22197,50.287237,kepler676b,243.0,11.59822172,,3701.0,Transit,15.937,2458202.906,0.1094
Kepler-988,290.708386,42.237251,kepler988b,248.0,17.76080053,,4005.0,Transit,15.22,2458202.972,0.07025
Kepler-908,295.322517,39.376484,kepler908b,250.0,1.34059747,,5973.0,Transit,11.524,2458202.787,0.067021
KELT-1,0.362142,39.383808,kelt1b,262.0,1.217514,27.23,6518.0,Transit,10.701,2458203.089,0.11519
Kepler-1339,283.745794,48.373394,kepler1339b,267.0,1.34155513,,5586.0,Transit,12.299,2458202.911,0.070871
Kepler-992,284.43028,47.641785,kepler992b,268.0,20.16034462,,4944.0,Transit,13.389,2458202.999,0.159229
Kepler-1203,292.773384,44.178127,kepler1203b,269.0,0.58800076,,4105.0,Transit,14.934,2458202.003,0.048446
Kepler-1203,292.773384,44.178127,kepler1203b,269.0,0.58800076,,4105.0,Transit,14.934,2458203.179,0.048446
Kepler-1203,292.773384,44.178127,kepler1203b,269.0,0.58800076,,4105.0,Transit,14.934,2458202.003,0.048446
Kepler-1203,292.773384,44.178127,kepler1203b,269.0,0.58800076,,4105.0,Transit,14.934,2458203.179,0.048446
Kepler-753,291.903273,37.902288,kepler753b,278.0,5.74772501,,4346.0,Transit,14.496,2458202.267,0.075925
Kepler-475,287.051707,40.211542,kepler475b,280.0,3.10550819,,5009.0,Transit,13.341,2458202.15,0.07171
Kepler-1009,282.85993,42.665764,kepler1009b,281.0,11.35011917,,4027.0,Transit,15.278,2458201.829,0.098992
HAT-P-32,31.042848,46.687836,hatp32b,283.0,2.15000805,,6269.0,Transit,11.289,2458202.311,
Kepler-1027,287.571185,42.813923,kepler1027b,291.0,1.9078052,,5436.0,Transit,12.852,2458202.186,0.077213
XO-4,110.388223,58.268108,xo4b,293.0,4.1250828,1.78,5700.0,Transit,10.674,2458202.633,
HAT-P-25,48.435419,25.197405,hatp25b,297.0,3.652836,0.567,5500.0,Transit,13.19,2458201.4,0.1174
Kepler-960,281.457163,46.746468,kepler960b,298.0,3.12686223,,4755.0,Transit,13.884,2458203.027,0.049896
WASP-135,267.284974,29.879107,wasp135b,300.0,1.4013794,1.9,5675.0,Transit,13.28,2458201.915,0.069
Kepler-674,285.176211,50.149818,kepler674b,302.0,2.24338185,,4192.0,Transit,15.135,2458202.741,0.042521
Kepler-32,297.842398,46.574281,kepler32b,303.0,5.90124,4.1,3900.0,Transit,16.452,2458202.88,0.088
Kepler-32,297.842398,46.574281,kepler32f,303.0,0.74296,,3900.0,Transit,16.452,2458201.874,0.039
HATS-1,175.525336,-23.354836,hats1b,303.0,3.446459,1.855,5870.0,Transit,12.053,2458201.796,0.1007
HAT-P-45,274.373238,-3.381036,hatp45b,305.0,3.128992,0.892,6330.0,Transit,,2458201.89,0.1436
Kepler-1312,292.971241,41.035764,kepler1312b,305.0,5.44832529,,5719.0,Transit,12.43,2458201.796,0.092712
WASP-65,133.324304,8.523038,wasp65b,310.0,2.3114243,1.55,5600.0,Transit,11.9,2458202.527,0.11396
Kepler-1627,284.056684,41.576733,kepler1627b,311.0,7.20283653,,5445.0,Transit,13.028,2458202.267,0.12025
KELT-18,216.524017,59.444275,kelt18b,311.0,2.8717518,1.18,6670.0,Transit,10.117,2458203.028,0.1935
HAT-P-36,188.266255,44.915352,hatp36b,317.0,1.327347,1.832,5560.0,Transit,12.262,2458202.62,0.0923
HAT-P-67,256.610687,44.776981,hatp67b,320.0,4.8101025,0.34,6406.0,Transit,10.069,2458202.892,0.2912
HAT-P-7,292.24731,47.969513,hatp7b,320.0,2.2047372,1.682,6441.0,Transit,10.463,2458201.937,
Kepler-808,291.59409,48.445614,kepler808b,321.0,0.63133235,,4653.0,Transit,14.285,2458201.26,0.04615
Kepler-808,291.59409,48.445614,kepler808b,321.0,0.63133235,,4653.0,Transit,14.285,2458201.891,0.04615
Kepler-808,291.59409,48.445614,kepler808b,321.0,0.63133235,,4653.0,Transit,14.285,2458201.891,0.04615
Kepler-808,291.59409,48.445614,kepler808b,321.0,0.63133235,,4653.0,Transit,14.285,2458201.26,0.04615
Kepler-1347,299.659605,40.843853,kepler1347b,321.0,14.00947528,,5193.0,Transit,13.38,2458202.161,0.14188
Kepler-808,291.59409,48.445614,kepler808b,321.0,0.63133235,,4653.0,Transit,14.285,2458203.154,0.04615
Kepler-808,291.59409,48.445614,kepler808b,321.0,0.63133235,,4653.0,Transit,14.285,2458201.891,0.04615
Kepler-808,291.59409,48.445614,kepler808b,321.0,0.63133235,,4653.0,Transit,14.285,2458203.154,0.04615
Kepler-808,291.59409,48.445614,kepler808b,321.0,0.63133235,,4653.0,Transit,14.285,2458203.154,0.04615
Kepler-808,291.59409,48.445614,kepler808b,321.0,0.63133235,,4653.0,Transit,14.285,2458201.26,0.04615
HAT-P-29,33.131142,51.778759,hatp29b,322.0,5.723186,0.778,6087.0,Transit,11.9,2458202.248,0.1407
HAT-P-49,305.441397,26.692652,hatp49b,322.0,2.691548,1.73,6820.0,Transit,10.326,2458202.961,0.1712
Kepler-1039,298.326591,45.315514,kepler1039b,324.0,0.93488424,,4870.0,Transit,14.145,2458202.086,0.059058
Kepler-1039,298.326591,45.315514,kepler1039b,324.0,0.93488424,,4870.0,Transit,14.145,2458203.021,0.059058
Kepler-1039,298.326591,45.315514,kepler1039b,324.0,0.93488424,,4870.0,Transit,14.145,2458202.086,0.059058
Kepler-1039,298.326591,45.315514,kepler1039b,324.0,0.93488424,,4870.0,Transit,14.145,2458203.021,0.059058
Kepler-1542,285.728495,42.65453,kepler1542b,336.0,3.95116882,,5564.0,Transit,12.639,2458203.229,0.107983
Kepler-1542,285.728495,42.65453,kepler1542c,336.0,2.89223021,,5564.0,Transit,12.639,2458202.27,0.10863
Kepler-463,298.937046,44.85791,kepler463b,336.0,8.98101683,,5661.0,Transit,12.87,2458202.815,0.078071
Kepler-658,282.98379,47.57859,kepler658b,341.0,1.28707676,,4103.0,Transit,15.488,2458201.201,0.062858
Kepler-1096,294.70938,45.969501,kepler1096b,344.0,2.89221751,,4306.0,Transit,15.068,2458202.268,0.056904
Kepler-1157,283.121049,43.525642,kepler1157b,346.0,4.45743164,,4679.0,Transit,14.374,2458201.255,0.098237
Kepler-1350,288.250582,46.679602,kepler1350c,350.0,1.76678906,,3827.0,Transit,16.283,2458202.841,0.055812
Kepler-1087,294.978825,46.005653,kepler1087b,354.0,0.69384285,,5589.0,Transit,12.953,2458201.957,0.063483
Kepler-1087,294.978825,46.005653,kepler1087b,354.0,0.69384285,,5589.0,Transit,12.953,2458201.957,0.063483
Kepler-1087,294.978825,46.005653,kepler1087b,354.0,0.69384285,,5589.0,Transit,12.953,2458201.263,0.063483
Kepler-1087,294.978825,46.005653,kepler1087b,354.0,0.69384285,,5589.0,Transit,12.953,2458201.263,0.063483
Kepler-80,296.112564,39.978779,kepler80d,357.0,3.07222,0.02124,4540.0,Transit,14.804,2458202.061,
Kepler-1367,288.416528,47.878731,kepler1367b,357.0,1.57409027,,4106.0,Transit,15.571,2458201.192,0.066642
Kepler-1367,288.416528,47.878731,kepler1367b,357.0,1.57409027,,4106.0,Transit,15.571,2458202.766,0.066642
Kepler-1367,288.416528,47.878731,kepler1367b,357.0,1.57409027,,4106.0,Transit,15.571,2458201.192,0.066642
Kepler-1367,288.416528,47.878731,kepler1367b,357.0,1.57409027,,4106.0,Transit,15.571,2458202.766,0.066642
TrES-5,305.221841,59.448788,tres5b,360.0,1.48224686,1.79,5171.0,Transit,13.718,2458203.197,
Kepler-1331,297.073789,41.22448,kepler1331b,365.0,0.78916165,,4508.0,Transit,15.031,2458203.225,0.037717
Kepler-1141,290.543645,47.72588,kepler1141b,365.0,2.34451194,,5791.0,Transit,12.589,2458201.3,0.05825
Kepler-755,296.860998,41.097338,kepler755c,368.0,2.85313364,,5043.0,Transit,13.999,2458202.25,0.0598
Kepler-755,296.860998,41.097338,kepler755b,368.0,1.26909037,,5043.0,Transit,13.999,2458201.255,0.065567
Kepler-235,286.079103,39.278313,kepler235c,369.0,7.824904,,4255.0,Transit,15.954,2458201.241,0.0924
Kepler-1105,281.111771,42.454931,kepler1105b,369.0,4.42157218,,4299.0,Transit,15.18,2458201.774,0.086454
Kepler-1062,283.899402,41.221607,kepler1062b,388.0,9.30412078,,4597.0,Transit,14.796,2458201.87,0.078808
HAT-P-23,306.123854,16.762152,hatp23b,393.0,1.21288287,2.07,5885.0,Transit,,2458202.248,
Kepler-1366,285.064914,41.554874,kepler1366b,395.0,2.16457097,,4070.0,Transit,15.877,2458203.03,0.0577
Kepler-1525,290.559517,49.943016,kepler1525b,396.0,2.41660118,,5748.0,Transit,12.737,2458202.783,0.0819
Kepler-1066,298.866564,46.502239,kepler1066b,399.0,1.93155984,,5762.0,Transit,13.007,2458202.06,0.067846
Kepler-1173,293.131095,45.663548,kepler1173b,402.0,0.7698536,,5252.0,Transit,13.829,2458201.216,0.042817
Kepler-1173,293.131095,45.663548,kepler1173b,402.0,0.7698536,,5252.0,Transit,13.829,2458201.216,0.042817
Kepler-1173,293.131095,45.663548,kepler1173b,402.0,0.7698536,,5252.0,Transit,13.829,2458202.756,0.042817
Kepler-1173,293.131095,45.663548,kepler1173b,402.0,0.7698536,,5252.0,Transit,13.829,2458201.986,0.042817
Kepler-910,296.047358,42.743006,kepler910b,402.0,2.36436901,,6230.0,Transit,11.6,2458202.071,0.136883
Kepler-1173,293.131095,45.663548,kepler1173b,402.0,0.7698536,,5252.0,Transit,13.829,2458202.756,0.042817
Kepler-1173,293.131095,45.663548,kepler1173b,402.0,0.7698536,,5252.0,Transit,13.829,2458201.986,0.042817
Kepler-1173,293.131095,45.663548,kepler1173b,402.0,0.7698536,,5252.0,Transit,13.829,2458201.216,0.042817
Kepler-1173,293.131095,45.663548,kepler1173b,402.0,0.7698536,,5252.0,Transit,13.829,2458202.756,0.042817
Kepler-1173,293.131095,45.663548,kepler1173b,402.0,0.7698536,,5252.0,Transit,13.829,2458201.986,0.042817
Kepler-1361,283.565314,46.904255,kepler1361b,404.0,3.57554956,,5131.0,Transit,13.93,2458201.731,0.10263
Kepler-975,290.54855,38.495275,kepler975b,404.0,1.97034246,,4897.0,Transit,14.438,2458202.22,0.072421
Kepler-1035,289.042225,42.882488,kepler1035b,408.0,2.71407755,,5763.0,Transit,12.987,2458201.892,0.052575
WASP-1,5.166978,31.98999,wasp1b,408.0,2.5199454,0.854,,Transit,11.79,2458201.462,
Kepler-507,297.018834,50.408981,kepler507b,410.0,3.56809693,,6113.0,Transit,11.994,2458203.327,0.135229
Kepler-969,288.372508,47.933556,kepler969c,411.0,1.6829346,,5214.0,Transit,13.733,2458202.934,0.078071
Kepler-969,288.372508,47.933556,kepler969c,411.0,1.6829346,,5214.0,Transit,13.733,2458201.251,0.078071
Kepler-969,288.372508,47.933556,kepler969c,411.0,1.6829346,,5214.0,Transit,13.733,2458202.934,0.078071
Kepler-969,288.372508,47.933556,kepler969c,411.0,1.6829346,,5214.0,Transit,13.733,2458201.251,0.078071
HAT-P-37,284.296064,51.269138,hatp37b,411.0,2.797436,1.169,5500.0,Transit,13.23,2458201.797,0.0971
Kepler-888,295.521206,49.738632,kepler888b,413.0,70.6979061,,5875.0,Transit,13.046,2458202.976,0.276
Kepler-1541,283.787004,48.029564,kepler1541b,414.0,8.40691199,,5282.0,Transit,13.801,2458203.088,0.078271
Kepler-1002,293.079495,43.073715,kepler1002b,425.0,4.33642933,,6144.0,Transit,11.704,2458201.832,0.170963
Kepler-601,282.004612,42.176533,kepler601b,429.0,5.37886844,,5160.0,Transit,14.005,2458203.042,0.113142
Kepler-542,292.215089,38.548588,kepler542b,439.0,13.14497566,,5526.0,Transit,13.435,2458202.075,0.14985
Kepler-1164,287.529634,38.894513,kepler1164b,447.0,3.97599768,,5183.0,Transit,14.11,2458203.083,0.089212
Kepler-511,282.945693,47.574875,kepler511b,448.0,296.637865,,5770.0,Transit,12.747,2458203.051,0.675962
Kepler-1371,288.831383,47.551994,kepler1371b,450.0,3.4462039,,5361.0,Transit,13.851,2458201.216,0.08337
Kepler-1371,288.831383,47.551994,kepler1371c,450.0,2.00541269,,5361.0,Transit,13.851,2458202.982,0.07492
HATS-3,312.45744,-24.428793,hats3b,453.0,3.547851,1.071,6351.0,Transit,12.44,2458203.077,0.1494
Kepler-1222,294.889655,49.379768,kepler1222b,455.0,1.91694425,,5239.0,Transit,14.1,2458201.269,0.060954
WASP-57,223.820104,-2.057665,wasp57b,455.0,2.83891856,0.644,5600.0,Transit,13.04,2458201.933,
Kepler-1222,294.889655,49.379768,kepler1222b,455.0,1.91694425,,5239.0,Transit,14.1,2458203.186,0.060954
Kepler-1222,294.889655,49.379768,kepler1222b,455.0,1.91694425,,5239.0,Transit,14.1,2458203.186,0.060954
Kepler-1022,289.352005,46.973728,kepler1022b,455.0,10.99469878,,4445.0,Transit,15.389,2458202.799,0.068475
Kepler-1222,294.889655,49.379768,kepler1222b,455.0,1.91694425,,5239.0,Transit,14.1,2458201.269,0.060954
Kepler-1107,291.049927,39.141674,kepler1107b,457.0,0.57103852,,5268.0,Transit,14.098,2458203.013,0.04342
Kepler-1107,291.049927,39.141674,kepler1107b,457.0,0.57103852,,5268.0,Transit,14.098,2458203.013,0.04342
Kepler-1107,291.049927,39.141674,kepler1107b,457.0,0.57103852,,5268.0,Transit,14.098,2458201.871,0.04342
Kepler-1107,291.049927,39.141674,kepler1107b,457.0,0.57103852,,5268.0,Transit,14.098,2458201.871,0.04342
Kepler-1086,295.251155,45.842972,kepler1086b,464.0,18.78425728,,4350.0,Transit,15.561,2458201.775,0.134746
Kepler-537,289.880634,51.277081,kepler537b,465.0,3.24755522,,5763.0,Transit,13.1,2458203.119,0.103483
Kepler-1579,293.288009,43.514988,kepler1579b,466.0,0.84990789,,4584.0,Transit,15.22,2458202.821,0.045521
Kepler-1579,293.288009,43.514988,kepler1579b,466.0,0.84990789,,4584.0,Transit,15.22,2458201.971,0.045521
Kepler-1579,293.288009,43.514988,kepler1579b,466.0,0.84990789,,4584.0,Transit,15.22,2458202.821,0.045521
Kepler-1579,293.288009,43.514988,kepler1579b,466.0,0.84990789,,4584.0,Transit,15.22,2458201.971,0.045521
Kepler-787,291.692465,38.572907,kepler787b,468.0,0.9283105,,4248.0,Transit,15.854,2458201.966,0.054
Kepler-787,291.692465,38.572907,kepler787b,468.0,0.9283105,,4248.0,Transit,15.854,2458202.894,0.054
Kepler-787,291.692465,38.572907,kepler787b,468.0,0.9283105,,4248.0,Transit,15.854,2458201.966,0.054
Kepler-787,291.692465,38.572907,kepler787b,468.0,0.9283105,,4248.0,Transit,15.854,2458202.894,0.054
Kepler-845,290.957565,49.203812,kepler845b,471.0,0.92785982,,4913.0,Transit,14.631,2458203.281,0.059992
Kepler-1443,283.435761,47.066855,kepler1443b,475.0,2.41811321,,6289.0,Transit,12.278,2458203.236,0.09142
HAT-P-9,110.168529,37.140652,hatp9b,480.0,3.92289,0.78,6350.0,Transit,12.297,2458203.497,0.143
Kepler-1163,290.235843,50.030087,kepler1163b,487.0,6.11786898,,6302.0,Transit,12.168,2458202.969,0.1446
Kepler-1387,292.440396,43.209431,kepler1387b,491.0,2.27952666,,5046.0,Transit,14.589,2458203.286,0.06633
Kepler-607,291.057206,44.632381,kepler607b,500.0,0.6381632,,5196.0,Transit,14.405,2458202.151,0.049329
Kepler-607,291.057206,44.632381,kepler607b,500.0,0.6381632,,5196.0,Transit,14.405,2458202.789,0.049329
Kepler-607,291.057206,44.632381,kepler607b,500.0,0.6381632,,5196.0,Transit,14.405,2458202.151,0.049329
Kepler-607,291.057206,44.632381,kepler607b,500.0,0.6381632,,5196.0,Transit,14.405,2458202.789,0.049329
HAT-P-40,335.512861,45.457378,hatp40b,501.0,4.457243,0.615,6080.0,Transit,11.699,2458202.258,0.2557
Kepler-625,292.150459,39.637581,kepler625b,502.0,7.75192492,,5789.0,Transit,13.307,2458202.966,0.145204
Kepler-1537,294.385398,43.82547,kepler1537b,503.0,1.4444538,,5079.0,Transit,14.536,2458202.827,0.040617
Kepler-1315,295.821448,46.053029,kepler1315b,505.0,0.84338011,,4861.0,Transit,14.975,2458201.859,0.059842
Kepler-1197,291.669272,42.59071,kepler1197b,505.0,2.03231845,,4708.0,Transit,15.13,2458203.127,0.046725
Kepler-1566,283.587614,40.574927,kepler1566b,511.0,0.53991524,,5254.0,Transit,14.311,2458202.963,0.04746
Kepler-1566,283.587614,40.574927,kepler1566b,511.0,0.53991524,,5254.0,Transit,14.311,2458201.884,0.04746
Kepler-1566,283.587614,40.574927,kepler1566b,511.0,0.53991524,,5254.0,Transit,14.311,2458202.963,0.04746
Kepler-1566,283.587614,40.574927,kepler1566b,511.0,0.53991524,,5254.0,Transit,14.311,2458201.884,0.04746
Kepler-889,291.467319,50.759489,kepler889b,513.0,3.744439,,5961.0,Transit,12.71,2458201.756,0.122883
Kepler-1332,291.02859,43.913673,kepler1332b,515.0,11.87456832,,5581.0,Transit,13.756,2458203.096,0.082925
Kepler-780,281.766389,44.292549,kepler780b,520.0,0.67737516,,5769.0,Transit,13.326,2458202.767,0.076012
Kepler-780,281.766389,44.292549,kepler780b,520.0,0.67737516,,5769.0,Transit,13.326,2458202.09,0.076012
Kepler-780,281.766389,44.292549,kepler780b,520.0,0.67737516,,5769.0,Transit,13.326,2458202.767,0.076012
Kepler-780,281.766389,44.292549,kepler780b,520.0,0.67737516,,5769.0,Transit,13.326,2458202.09,0.076012
Kepler-1324,291.18497,40.311214,kepler1324b,522.0,4.11584468,,4776.0,Transit,15.141,2458202.173,0.05771
Kepler-847,283.504798,49.451015,kepler847b,529.0,2.3432319,,4940.0,Transit,14.782,2458202.21,0.084962
Kepler-1560,292.784608,43.215984,kepler1560b,529.0,3.03195744,,5815.0,Transit,13.421,2458202.088,0.06904
Kepler-1323,292.872284,46.098885,kepler1323b,530.0,0.92990668,,6169.0,Transit,12.41,2458203.186,0.072617
Kepler-1323,292.872284,46.098885,kepler1323b,530.0,0.92990668,,6169.0,Transit,12.41,2458202.256,0.072617
Kepler-1323,292.872284,46.098885,kepler1323b,530.0,0.92990668,,6169.0,Transit,12.41,2458203.186,0.072617
Kepler-1323,292.872284,46.098885,kepler1323b,530.0,0.92990668,,6169.0,Transit,12.41,2458202.256,0.072617
Kepler-928,289.920717,41.542828,kepler928b,532.0,3.9324613,,4700.0,Transit,15.32,2458201.97,0.091592
Kepler-1235,284.903015,43.95396,kepler1235b,533.0,4.16055856,,5541.0,Transit,13.889,2458202.188,0.10896
Kepler-1414,284.92858,42.42231,kepler1414b,534.0,3.51576315,,4951.0,Transit,14.897,2458201.801,0.05683
Kepler-1169,294.911573,46.491463,kepler1169b,538.0,6.11009134,,6191.0,Transit,12.716,2458202.151,0.10196
Kepler-1576,289.073975,40.366015,kepler1576b,539.0,6.98471973,,5876.0,Transit,13.382,2458202.921,0.11346
Kepler-1430,289.697494,43.372093,kepler1430b,541.0,2.46050993,,4796.0,Transit,15.245,2458202.183,0.08346
Kepler-1136,284.107796,44.245808,kepler1136b,545.0,2.36172433,,4512.0,Transit,15.658,2458201.802,0.050975
Kepler-1228,296.553083,46.96629,kepler1228b,547.0,0.57736958,,5063.0,Transit,14.859,2458202.159,0.045679
Kepler-1228,296.553083,46.96629,kepler1228b,547.0,0.57736958,,5063.0,Transit,14.859,2458203.314,0.045679
Kepler-1228,296.553083,46.96629,kepler1228b,547.0,0.57736958,,5063.0,Transit,14.859,2458203.314,0.045679
Kepler-1563,288.573588,51.472755,kepler1563b,547.0,3.43276598,,5765.0,Transit,13.583,2458203.012,0.17317
Kepler-1228,296.553083,46.96629,kepler1228b,547.0,0.57736958,,5063.0,Transit,14.859,2458202.159,0.045679
Kepler-4,285.615322,50.135754,kepler4b,550.0,3.21346,0.077,5857.0,Transit,12.7,2458202.207,
Kepler-842,292.328581,49.653538,kepler842b,552.0,1.21956827,,4848.0,Transit,15.127,2458203.194,0.0653
Kepler-842,292.328581,49.653538,kepler842b,552.0,1.21956827,,4848.0,Transit,15.127,2458201.975,0.0653
Kepler-842,292.328581,49.653538,kepler842b,552.0,1.21956827,,4848.0,Transit,15.127,2458203.194,0.0653
Kepler-842,292.328581,49.653538,kepler842b,552.0,1.21956827,,4848.0,Transit,15.127,2458201.975,0.0653
Kepler-1139,287.945617,39.230568,kepler1139b,555.0,0.81316672,,5550.0,Transit,14.113,2458201.229,0.059483
Kepler-1139,287.945617,39.230568,kepler1139b,555.0,0.81316672,,5550.0,Transit,14.113,2458202.855,0.059483
Kepler-1139,287.945617,39.230568,kepler1139b,555.0,0.81316672,,5550.0,Transit,14.113,2458201.229,0.059483
Kepler-1139,287.945617,39.230568,kepler1139b,555.0,0.81316672,,5550.0,Transit,14.113,2458202.042,0.059483
Kepler-1139,287.945617,39.230568,kepler1139b,555.0,0.81316672,,5550.0,Transit,14.113,2458202.855,0.059483
Kepler-1139,287.945617,39.230568,kepler1139b,555.0,0.81316672,,5550.0,Transit,14.113,2458202.855,0.059483
Kepler-1139,287.945617,39.230568,kepler1139b,555.0,0.81316672,,5550.0,Transit,14.113,2458202.042,0.059483
Kepler-1139,287.945617,39.230568,kepler1139b,555.0,0.81316672,,5550.0,Transit,14.113,2458201.229,0.059483
Kepler-1139,287.945617,39.230568,kepler1139b,555.0,0.81316672,,5550.0,Transit,14.113,2458202.042,0.059483
Kepler-563,292.446272,46.289776,kepler563b,557.0,22.18432708,,5066.0,Transit,14.767,2458202.141,0.127346
Kepler-1363,296.996558,49.256413,kepler1363b,559.0,2.94194094,,4839.0,Transit,15.29,2458202.242,0.084721
CoRoT-11,280.687263,5.937688,corot11b,560.0,2.99433,2.33,6440.0,Transit,,2458202.852,0.1042
Kepler-1604,285.410633,44.412212,kepler1604b,562.0,0.68368426,,4976.0,Transit,14.915,2458203.273,0.041638
Kepler-1604,285.410633,44.412212,kepler1604b,562.0,0.68368426,,4976.0,Transit,14.915,2458201.905,0.041638
Kepler-1604,285.410633,44.412212,kepler1604b,562.0,0.68368426,,4976.0,Transit,14.915,2458201.222,0.041638
Kepler-1604,285.410633,44.412212,kepler1604b,562.0,0.68368426,,4976.0,Transit,14.915,2458201.905,0.041638
Kepler-1604,285.410633,44.412212,kepler1604b,562.0,0.68368426,,4976.0,Transit,14.915,2458203.273,0.041638
Kepler-1604,285.410633,44.412212,kepler1604b,562.0,0.68368426,,4976.0,Transit,14.915,2458203.273,0.041638
Kepler-1604,285.410633,44.412212,kepler1604b,562.0,0.68368426,,4976.0,Transit,14.915,2458201.222,0.041638
Kepler-1604,285.410633,44.412212,kepler1604b,562.0,0.68368426,,4976.0,Transit,14.915,2458201.905,0.041638
Kepler-1604,285.410633,44.412212,kepler1604b,562.0,0.68368426,,4976.0,Transit,14.915,2458201.222,0.041638
Kepler-986,293.094007,42.896431,kepler986b,563.0,56.4349938,,5642.0,Transit,13.668,2458201.206,0.195954
WASP-141,71.824409,-17.115154,wasp141b,570.0,3.310651,2.69,5900.0,Transit,12.4,2458201.498,0.15
Kepler-605,287.295436,43.279873,kepler605c,570.0,2.35895152,,5462.0,Transit,14.14,2458202.173,0.06804
Kepler-77,289.607956,44.345425,kepler77b,570.0,3.57878087,0.43,5520.0,Transit,13.938,2458202.248,0.12224
Kepler-831,294.985491,42.727669,kepler831b,577.0,5.62153941,,5732.0,Transit,13.687,2458202.276,0.098492
Kepler-1200,296.603451,44.129257,kepler1200b,579.0,1.11854972,,4612.0,Transit,15.793,2458202.93,0.064271
Kepler-1200,296.603451,44.129257,kepler1200b,579.0,1.11854972,,4612.0,Transit,15.793,2458201.812,0.064271
Kepler-1200,296.603451,44.129257,kepler1200b,579.0,1.11854972,,4612.0,Transit,15.793,2458202.93,0.064271
Kepler-1200,296.603451,44.129257,kepler1200b,579.0,1.11854972,,4612.0,Transit,15.793,2458201.812,0.064271
Kepler-1310,283.920035,40.740123,kepler1310b,583.0,0.67933627,,5549.0,Transit,14.159,2458202.215,0.049096
Kepler-1310,283.920035,40.740123,kepler1310b,583.0,0.67933627,,5549.0,Transit,14.159,2458202.895,0.049096
Kepler-1310,283.920035,40.740123,kepler1310b,583.0,0.67933627,,5549.0,Transit,14.159,2458202.215,0.049096
Kepler-1310,283.920035,40.740123,kepler1310b,583.0,0.67933627,,5549.0,Transit,14.159,2458202.895,0.049096
Kepler-1061,296.230004,50.27523,kepler1061b,585.0,2.75798267,,6067.0,Transit,13.263,2458202.75,0.095442
Kepler-653,282.21293,46.717819,kepler653c,593.0,0.90037648,,5665.0,Transit,13.387,2458202.072,0.05804
Kepler-653,282.21293,46.717819,kepler653c,593.0,0.90037648,,5665.0,Transit,13.387,2458201.171,0.05804
Kepler-653,282.21293,46.717819,kepler653c,593.0,0.90037648,,5665.0,Transit,13.387,2458202.972,0.05804
Kepler-653,282.21293,46.717819,kepler653c,593.0,0.90037648,,5665.0,Transit,13.387,2458202.072,0.05804
Kepler-653,282.21293,46.717819,kepler653c,593.0,0.90037648,,5665.0,Transit,13.387,2458201.171,0.05804
Kepler-653,282.21293,46.717819,kepler653c,593.0,0.90037648,,5665.0,Transit,13.387,2458202.972,0.05804
Kepler-653,282.21293,46.717819,kepler653c,593.0,0.90037648,,5665.0,Transit,13.387,2458202.072,0.05804
Kepler-653,282.21293,46.717819,kepler653c,593.0,0.90037648,,5665.0,Transit,13.387,2458201.171,0.05804
Kepler-653,282.21293,46.717819,kepler653c,593.0,0.90037648,,5665.0,Transit,13.387,2458202.972,0.05804
CoRoT-23,279.782615,4.357806,corot23b,600.0,3.6313,2.8,5900.0,Transit,15.63,2458203.085,0.162
Kepler-1010,289.192636,44.149326,kepler1010b,610.0,34.2685705,,5253.0,Transit,14.685,2458201.298,0.200767
Kepler-853,283.936824,49.110325,kepler853b,610.0,7.16892463,,6350.0,Transit,12.32,2458201.864,0.191279
Kepler-11,297.115123,41.909138,kepler11c,613.0,13.0241,0.009,5663.0,Transit,14.2,2458201.194,0.1893
Kepler-1240,282.999715,40.55745,kepler1240b,614.0,4.8663815,,5682.0,Transit,13.987,2458203.161,0.09296
Kepler-1171,294.958925,38.591578,kepler1171b,615.0,1.44259224,,7044.0,Transit,11.558,2458202.807,0.125629
Kepler-828,286.887275,42.471256,kepler828b,625.0,0.56785714,,5039.0,Transit,15.055,2458202.145,0.041121
Kepler-828,286.887275,42.471256,kepler828b,625.0,0.56785714,,5039.0,Transit,15.055,2458203.28,0.041121
Kepler-828,286.887275,42.471256,kepler828b,625.0,0.56785714,,5039.0,Transit,15.055,2458202.145,0.041121
Kepler-828,286.887275,42.471256,kepler828b,625.0,0.56785714,,5039.0,Transit,15.055,2458203.28,0.041121
Kepler-707,290.00757,42.116459,kepler707b,626.0,2.23749275,,5099.0,Transit,15.001,2458201.195,0.076004
Kepler-1082,289.358672,50.598484,kepler1082b,628.0,1.5432066,,5923.0,Transit,13.38,2458202.203,0.108725
Kepler-1028,289.593097,49.781158,kepler1028b,633.0,2.51462432,,5522.0,Transit,14.325,2458202.232,0.067054
Kepler-1120,290.914483,42.286579,kepler1120b,635.0,2.94902905,,4904.0,Transit,15.333,2458201.221,0.084971
Kepler-1520,290.966214,51.504723,kepler1520b,636.0,0.65355357,,4677.0,Transit,15.692,2458202.764,0.064162
Kepler-1520,290.966214,51.504723,kepler1520b,636.0,0.65355357,,4677.0,Transit,15.692,2458202.764,0.064162
Kepler-1520,290.966214,51.504723,kepler1520b,636.0,0.65355357,,4677.0,Transit,15.692,2458202.11,0.064162
Kepler-1520,290.966214,51.504723,kepler1520b,636.0,0.65355357,,4677.0,Transit,15.692,2458202.11,0.064162
Kepler-554,296.406853,51.358154,kepler554b,642.0,1.90220856,,5447.0,Transit,14.313,2458202.965,0.0919888
HAT-P-39,113.758247,17.830082,hatp39b,642.0,3.54387,0.599,6430.0,Transit,12.422,2458203.321,0.1745
HATS-18,173.957397,-29.156012,hats18b,645.0,0.8378434,1.98,5600.0,Transit,14.067,2458201.724,0.07886
Kepler-826,284.860139,39.240548,kepler826b,649.0,4.48758907,,6079.0,Transit,13.446,2458201.913,0.11795
Kepler-1258,285.404941,49.994747,kepler1258b,651.0,0.98494017,,5839.0,Transit,13.835,2458201.848,0.081429
Kepler-1258,285.404941,49.994747,kepler1258b,651.0,0.98494017,,5839.0,Transit,13.835,2458202.833,0.081429
Kepler-1258,285.404941,49.994747,kepler1258b,651.0,0.98494017,,5839.0,Transit,13.835,2458202.833,0.081429
Kepler-1258,285.404941,49.994747,kepler1258b,651.0,0.98494017,,5839.0,Transit,13.835,2458201.848,0.081429
Kepler-496,291.640896,41.241049,kepler496b,655.0,8.30864937,,5293.0,Transit,14.817,2458203.173,0.13421
Kepler-491,287.130575,42.350155,kepler491b,657.0,4.22538451,,5582.0,Transit,14.014,2458202.98,0.1174288
Kepler-1565,297.952967,40.806808,kepler1565b,657.0,1.53818844,,4940.0,Transit,15.329,2458201.838,0.070925
Kepler-1588,288.232715,48.002178,kepler1588b,658.0,7.84931739,,5817.0,Transit,13.858,2458201.795,0.15567
Kepler-865,297.724283,43.527435,kepler865b,664.0,14.16399294,,5570.0,Transit,14.48,2458202.98,0.180171
Kepler-1547,283.764074,42.222172,kepler1547b,665.0,0.69297968,,6078.0,Transit,13.447,2458203.094,0.04508
Kepler-785,292.068304,38.842261,kepler785b,666.0,1.97376093,,4739.0,Transit,15.715,2458203.261,0.076215
Kepler-785,292.068304,38.842261,kepler785b,666.0,1.97376093,,4739.0,Transit,15.715,2458203.261,0.076215
Kepler-681,289.399721,51.250324,kepler681b,666.0,26.39435646,,5021.0,Transit,15.234,2458202.771,0.144937
Kepler-785,292.068304,38.842261,kepler785b,666.0,1.97376093,,4739.0,Transit,15.715,2458201.287,0.076215
Kepler-785,292.068304,38.842261,kepler785b,666.0,1.97376093,,4739.0,Transit,15.715,2458201.287,0.076215
Kepler-1531,285.146577,39.370798,kepler1531b,670.0,1.13854338,,6260.0,Transit,13.194,2458201.206,0.087175
Kepler-641,291.823482,42.516216,kepler641b,673.0,9.48961571,,5713.0,Transit,13.774,2458202.93,0.147008
Kepler-1254,285.173326,48.770042,kepler1254d,676.0,5.72717226,,4985.0,Transit,15.311,2458202.816,0.09071
Kepler-914,290.412001,44.89933,kepler914b,678.0,4.40966548,,5877.0,Transit,13.574,2458202.143,0.087775
Kepler-535,296.566641,49.696251,kepler535b,678.0,4.90332155,,6123.0,Transit,13.174,2458202.866,0.119579
Kepler-1402,291.847824,48.968132,kepler1402b,681.0,2.03387914,,5416.0,Transit,14.621,2458202.852,0.13337
Kepler-1611,296.512049,49.727764,kepler1611b,686.0,5.1762429,,5605.0,Transit,14.435,2458201.896,0.2146
Kepler-1466,289.831222,44.609863,kepler1466b,686.0,31.1750448,,5884.0,Transit,13.926,2458203.125,0.16533
Kepler-1067,285.387409,45.049053,kepler1067b,689.0,0.76212926,,5592.0,Transit,14.305,2458202.907,0.04483
Kepler-1067,285.387409,45.049053,kepler1067b,689.0,0.76212926,,5592.0,Transit,14.305,2458202.145,0.04483
Kepler-1067,285.387409,45.049053,kepler1067b,689.0,0.76212926,,5592.0,Transit,14.305,2458202.907,0.04483
Kepler-1067,285.387409,45.049053,kepler1067b,689.0,0.76212926,,5592.0,Transit,14.305,2458202.145,0.04483
Kepler-1263,286.483651,46.752617,kepler1263b,695.0,4.55139967,,5213.0,Transit,15.035,2458202.105,0.10379
Kepler-1259,297.841489,46.967682,kepler1259b,704.0,0.66308526,,5053.0,Transit,15.304,2458202.825,0.044546
Kepler-1259,297.841489,46.967682,kepler1259b,704.0,0.66308526,,5053.0,Transit,15.304,2458202.825,0.044546
Kepler-1259,297.841489,46.967682,kepler1259b,704.0,0.66308526,,5053.0,Transit,15.304,2458202.162,0.044546
Kepler-1259,297.841489,46.967682,kepler1259b,704.0,0.66308526,,5053.0,Transit,15.304,2458202.162,0.044546
Kepler-1311,289.651263,43.824417,kepler1311b,705.0,11.1726994,,5748.0,Transit,13.349,2458201.916,0.25029
Kepler-586,293.05722,45.551193,kepler586b,707.0,2.10472218,,5575.0,Transit,14.427,2458203.222,0.073229
HAT-P-53,21.871105,38.968147,hatp53b,719.0,1.9616241,1.484,5956.0,Transit,13.73,2458203.013,0.1164
Kepler-1409,290.084786,51.208603,kepler1409b,722.0,0.76486493,,5160.0,Transit,15.168,2458201.274,0.049079
Kepler-1409,290.084786,51.208603,kepler1409b,722.0,0.76486493,,5160.0,Transit,15.168,2458202.039,0.049079
Kepler-1409,290.084786,51.208603,kepler1409b,722.0,0.76486493,,5160.0,Transit,15.168,2458201.274,0.049079
Kepler-1409,290.084786,51.208603,kepler1409b,722.0,0.76486493,,5160.0,Transit,15.168,2458202.804,0.049079
Kepler-1409,290.084786,51.208603,kepler1409b,722.0,0.76486493,,5160.0,Transit,15.168,2458202.804,0.049079
Kepler-1409,290.084786,51.208603,kepler1409b,722.0,0.76486493,,5160.0,Transit,15.168,2458201.274,0.049079
Kepler-1409,290.084786,51.208603,kepler1409b,722.0,0.76486493,,5160.0,Transit,15.168,2458202.039,0.049079
Kepler-1409,290.084786,51.208603,kepler1409b,722.0,0.76486493,,5160.0,Transit,15.168,2458202.804,0.049079
Kepler-1409,290.084786,51.208603,kepler1409b,722.0,0.76486493,,5160.0,Transit,15.168,2458202.039,0.049079
Kepler-790,286.917117,38.872221,kepler790b,727.0,13.73469807,,5208.0,Transit,15.187,2458202.985,0.098225
Kepler-524,296.859217,49.162048,kepler524c,730.0,1.88897906,,6014.0,Transit,13.928,2458202.808,0.13525
Kepler-1598,288.469102,46.78368,kepler1598b,734.0,4.34195123,,5940.0,Transit,13.874,2458201.939,0.11233
Kepler-1317,291.611881,42.115971,kepler1317b,734.0,0.56887443,,5144.0,Transit,15.23,2458201.944,0.050633
Kepler-1317,291.611881,42.115971,kepler1317b,734.0,0.56887443,,5144.0,Transit,15.23,2458203.082,0.050633
Kepler-1317,291.611881,42.115971,kepler1317b,734.0,0.56887443,,5144.0,Transit,15.23,2458201.944,0.050633
Kepler-1317,291.611881,42.115971,kepler1317b,734.0,0.56887443,,5144.0,Transit,15.23,2458203.082,0.050633
Kepler-854,293.351293,43.13464,kepler854b,741.0,2.14463285,,6179.0,Transit,13.48,2458203.235,0.162617
Kepler-1031,296.089747,48.955376,kepler1031b,741.0,1.22621732,,6011.0,Transit,13.8,2458202.901,0.089525
Kepler-1278,282.956935,42.825619,kepler1278b,743.0,3.23941344,,6074.0,Transit,13.658,2458203.158,0.11058
Kepler-751,294.843831,44.077686,kepler751b,748.0,17.44490636,,5387.0,Transit,15.007,2458201.986,0.170783
Kepler-571,286.55102,49.418743,kepler571b,756.0,4.79859939,,5527.0,Transit,14.675,2458202.125,0.124912
Kepler-1300,289.033022,40.086887,kepler1300b,757.0,22.2419092,,6130.0,Transit,12.816,2458202.802,0.30229
Kepler-634,291.195065,40.702706,kepler634b,757.0,5.16950177,,6075.0,Transit,13.55,2458203.235,0.18779
Kepler-770,286.490428,38.374907,kepler770c,761.0,1.47532231,,5598.0,Transit,14.604,2458203.166,0.09692
Kepler-1244,282.301216,46.516201,kepler1244b,764.0,3.70428172,,6680.0,Transit,12.402,2458202.758,0.13671
Kepler-1108,296.042339,45.985146,kepler1108b,764.0,4.51005748,,5406.0,Transit,14.979,2458201.278,0.090021
Kepler-916,290.983322,45.973301,kepler916b,769.0,32.2968798,,5248.0,Transit,15.2,2458201.209,0.19237
Kepler-1320,288.433591,40.380875,kepler1320b,771.0,0.86838653,,4817.0,Transit,15.898,2458203.281,0.044063
Kepler-840,296.507394,49.457291,kepler840b,778.0,2.49577962,,5920.0,Transit,14.152,2458202.868,0.1775996
Kepler-760,287.593209,44.179417,kepler760b,782.0,8.70419416,,5322.0,Transit,15.07,2458202.211,0.123921
Kepler-1398,294.866185,48.638985,kepler1398b,793.0,2.78815679,,6126.0,Transit,13.71,2458201.902,0.13858
Kepler-1123,294.517667,50.670399,kepler1123b,796.0,4.33946454,,5500.0,Transit,14.822,2458203.043,0.095721
Kepler-17,298.395274,47.815006,kepler17b,800.0,1.4857108,2.45,5781.0,Transit,14.141,2458203.157,0.09485
Kepler-980,294.613008,45.060169,kepler980b,804.0,11.55102504,,5935.0,Transit,14.138,2458202.196,0.15475
Kepler-862,297.779266,46.492741,kepler862b,806.0,3.14866453,,5333.0,Transit,15.297,2458203.207,0.090808
Kepler-1206,295.938407,49.791145,kepler1206b,807.0,1.21699766,,4877.0,Transit,15.975,2458202.246,0.054588
Kepler-1167,298.302714,47.694023,kepler1167b,811.0,1.00393374,,4971.0,Transit,15.942,2458201.78,0.060675
Kepler-1167,298.302714,47.694023,kepler1167b,811.0,1.00393374,,4971.0,Transit,15.942,2458202.784,0.060675
Kepler-1167,298.302714,47.694023,kepler1167b,811.0,1.00393374,,4971.0,Transit,15.942,2458201.78,0.060675
Kepler-1167,298.302714,47.694023,kepler1167b,811.0,1.00393374,,4971.0,Transit,15.942,2458202.784,0.060675
Kepler-1264,289.884378,45.211502,kepler1264b,814.0,0.96852602,,5791.0,Transit,14.511,2458202.294,0.053767
Kepler-1264,289.884378,45.211502,kepler1264b,814.0,0.96852602,,5791.0,Transit,14.511,2458203.262,0.053767
Kepler-1264,289.884378,45.211502,kepler1264b,814.0,0.96852602,,5791.0,Transit,14.511,2458202.294,0.053767
Kepler-1264,289.884378,45.211502,kepler1264b,814.0,0.96852602,,5791.0,Transit,14.511,2458203.262,0.053767
Kepler-562,290.119627,46.273811,kepler562b,822.0,18.00931444,,5575.0,Transit,14.794,2458203.09,0.207138
Kepler-552,290.747687,48.242012,kepler552b,834.0,5.26341577,,5863.0,Transit,14.279,2458202.244,0.090742
Kepler-1612,291.250279,45.655075,kepler1612b,837.0,3.91795101,,5643.0,Transit,14.75,2458202.092,0.10775
Kepler-1073,294.1527,38.233048,kepler1073b,837.0,8.67888593,,5792.0,Transit,14.523,2458203.262,0.145075
HATS-32,346.075073,-21.271938,hats32b,839.0,2.8126548,0.92,5700.0,Transit,14.384,2458201.284,0.1189
WASP-142,140.506393,-23.946169,wasp142b,840.0,2.052868,0.84,6010.0,Transit,12.3,2458202.547,0.1117
Kepler-721,284.430506,44.480534,kepler721b,848.0,5.39202539,,5075.0,Transit,15.651,2458202.198,0.12421
Kepler-1093,284.978013,41.420166,kepler1093b,848.0,25.0824626,,6166.0,Transit,13.838,2458202.771,0.26488
Kepler-1284,291.279002,47.687649,kepler1284b,852.0,0.66407381,,5123.0,Transit,15.645,2458203.099,0.045913
Kepler-1284,291.279002,47.687649,kepler1284b,852.0,0.66407381,,5123.0,Transit,15.645,2458203.099,0.045913
Kepler-1284,291.279002,47.687649,kepler1284b,852.0,0.66407381,,5123.0,Transit,15.645,2458201.771,0.045913
Kepler-1284,291.279002,47.687649,kepler1284b,852.0,0.66407381,,5123.0,Transit,15.645,2458201.771,0.045913
Kepler-1011,297.401546,46.824001,kepler1011b,860.0,5.75322197,,5416.0,Transit,15.196,2458203.067,0.070117
Kepler-1245,290.744327,43.260777,kepler1245c,861.0,2.93658468,,5306.0,Transit,15.404,2458202.154,0.077163
Kepler-724,293.454838,44.792797,kepler724b,862.0,3.31494634,,5437.0,Transit,15.142,2458203.237,0.071121
Kepler-1438,289.289809,40.681665,kepler1438b,866.0,2.31942009,,5530.0,Transit,14.869,2458202.846,0.06717
Kepler-656,288.327899,47.381592,kepler656b,867.0,1.26025909,,5281.0,Transit,15.342,2458201.946,0.078092
Kepler-656,288.327899,47.381592,kepler656b,867.0,1.26025909,,5281.0,Transit,15.342,2458203.207,0.078092
Kepler-656,288.327899,47.381592,kepler656b,867.0,1.26025909,,5281.0,Transit,15.342,2458201.946,0.078092
Kepler-761,290.503604,44.143581,kepler761b,867.0,10.12804789,,5706.0,Transit,14.743,2458202.963,0.140133
Kepler-656,288.327899,47.381592,kepler656b,867.0,1.26025909,,5281.0,Transit,15.342,2458203.207,0.078092
Kepler-1003,292.020456,44.876217,kepler1003b,873.0,3.55485691,,6109.0,Transit,14.053,2458203.279,0.087608
Kepler-1098,295.502705,43.232796,kepler1098b,876.0,2.54307286,,5794.0,Transit,14.736,2458203.011,0.114558
Kepler-1208,291.881263,44.555729,kepler1208b,877.0,11.08507637,,5001.0,Transit,15.938,2458203.177,0.07117
Kepler-927,289.38351,41.392695,kepler927b,879.0,9.1149903,,5743.0,Transit,14.63,2458202.798,0.186883
Kepler-1356,290.995346,43.243938,kepler1356b,881.0,0.63400294,,5106.0,Transit,15.76,2458202.114,0.038488
Kepler-1189,298.426343,47.946785,kepler1189b,883.0,3.78858982,,6012.0,Transit,14.285,2458203.078,0.1455
Kepler-1508,298.118885,40.375047,kepler1508b,892.0,20.7056504,,6158.0,Transit,14.276,2458203.066,0.37621
Kepler-763,292.144477,47.157352,kepler763b,902.0,1.19655156,,5166.0,Transit,15.692,2458202.203,0.049587
HATS-26,144.926863,-28.58559,hats26b,907.0,3.3023881,0.65,6071.0,Transit,12.955,2458201.588,0.2173
Kepler-1528,287.402943,46.573986,kepler1528b,916.0,1.79111021,,5857.0,Transit,14.496,2458203.285,0.08742
Kepler-1420,296.20381,42.777832,kepler1420b,923.0,6.69960006,,5187.0,Transit,15.883,2458203.054,0.11267
Kepler-150,288.234084,40.520905,kepler150d,927.0,12.56093,,5560.0,Transit,14.985,2458202.833,0.1568
Kepler-1622,297.32891,47.815472,kepler1622b,927.0,10.8118737,,6436.0,Transit,13.385,2458202.883,0.10879
Kepler-1015,292.75733,43.42691,kepler1015b,932.0,16.00494214,,6769.0,Transit,12.818,2458201.253,0.269367
Kepler-612,291.354639,45.747898,kepler612b,932.0,3.72215641,,5693.0,Transit,14.911,2458201.893,0.082963
Kepler-990,297.938209,46.881393,kepler990c,933.0,0.53835431,,5948.0,Transit,14.498,2458201.774,0.061671
Kepler-990,297.938209,46.881393,kepler990c,933.0,0.53835431,,5948.0,Transit,14.498,2458202.312,0.061671
Kepler-990,297.938209,46.881393,kepler990c,933.0,0.53835431,,5948.0,Transit,14.498,2458202.85,0.061671
Kepler-990,297.938209,46.881393,kepler990c,933.0,0.53835431,,5948.0,Transit,14.498,2458201.235,0.061671
Kepler-990,297.938209,46.881393,kepler990c,933.0,0.53835431,,5948.0,Transit,14.498,2458201.235,0.061671
Kepler-990,297.938209,46.881393,kepler990c,933.0,0.53835431,,5948.0,Transit,14.498,2458201.774,0.061671
Kepler-990,297.938209,46.881393,kepler990c,933.0,0.53835431,,5948.0,Transit,14.498,2458202.85,0.061671
Kepler-990,297.938209,46.881393,kepler990c,933.0,0.53835431,,5948.0,Transit,14.498,2458202.312,0.061671
Kepler-990,297.938209,46.881393,kepler990c,933.0,0.53835431,,5948.0,Transit,14.498,2458201.235,0.061671
Kepler-990,297.938209,46.881393,kepler990c,933.0,0.53835431,,5948.0,Transit,14.498,2458201.774,0.061671
Kepler-990,297.938209,46.881393,kepler990c,933.0,0.53835431,,5948.0,Transit,14.498,2458202.85,0.061671
Kepler-990,297.938209,46.881393,kepler990c,933.0,0.53835431,,5948.0,Transit,14.498,2458202.312,0.061671
Kepler-990,297.938209,46.881393,kepler990c,933.0,0.53835431,,5948.0,Transit,14.498,2458201.235,0.061671
Kepler-990,297.938209,46.881393,kepler990c,933.0,0.53835431,,5948.0,Transit,14.498,2458202.85,0.061671
Kepler-990,297.938209,46.881393,kepler990c,933.0,0.53835431,,5948.0,Transit,14.498,2458202.312,0.061671
Kepler-990,297.938209,46.881393,kepler990c,933.0,0.53835431,,5948.0,Transit,14.498,2458201.774,0.061671
Kepler-1342,297.020069,43.432549,kepler1342b,941.0,2.21571036,,5527.0,Transit,15.392,2458201.975,0.078812
Kepler-1207,295.064243,49.358994,kepler1207b,946.0,13.68237119,,5909.0,Transit,14.5,2458201.227,0.17346
Kepler-1379,293.670471,41.410248,kepler1379b,951.0,0.88184115,,5188.0,Transit,15.919,2458202.811,0.054379
Kepler-1379,293.670471,41.410248,kepler1379b,951.0,0.88184115,,5188.0,Transit,15.919,2458201.93,0.054379
Kepler-1379,293.670471,41.410248,kepler1379b,951.0,0.88184115,,5188.0,Transit,15.919,2458201.93,0.054379
Kepler-1379,293.670471,41.410248,kepler1379b,951.0,0.88184115,,5188.0,Transit,15.919,2458202.811,0.054379
Kepler-483,291.646758,41.884663,kepler483b,953.0,30.229104,,6346.0,Transit,13.432,2458202.035,0.269408
Kepler-822,292.276118,39.550179,kepler822b,956.0,3.22296927,,5928.0,Transit,14.609,2458201.812,0.119063
Kepler-1383,297.944779,42.191882,kepler1383b,961.0,13.9093583,,6370.0,Transit,13.716,2458202.853,0.27633
Kepler-1355,283.741416,49.067978,kepler1355b,963.0,1.28958811,,5352.0,Transit,15.471,2458201.758,0.059246
Kepler-1355,283.741416,49.067978,kepler1355b,963.0,1.28958811,,5352.0,Transit,15.471,2458203.047,0.059246
Kepler-1355,283.741416,49.067978,kepler1355b,963.0,1.28958811,,5352.0,Transit,15.471,2458201.758,0.059246
Kepler-1355,283.741416,49.067978,kepler1355b,963.0,1.28958811,,5352.0,Transit,15.471,2458203.047,0.059246
Kepler-723,284.830468,44.658142,kepler723b,965.0,4.08227507,,5539.0,Transit,15.198,2458203.141,0.134915
Kepler-818,296.235105,39.370343,kepler818b,967.0,10.03538581,,5638.0,Transit,15.062,2458201.866,0.142437
Kepler-602,296.031983,42.141949,kepler602b,971.0,15.28469497,,6062.0,Transit,14.519,2458203.124,0.24587
Kepler-683,291.439982,37.905656,kepler683b,976.0,2.53918318,,5703.0,Transit,15.026,2458202.045,0.09929
Kepler-1072,292.04438,46.329025,kepler1072b,976.0,1.5690665,,6199.0,Transit,13.93,2458203.025,0.115979
Kepler-14,287.708814,47.33305,kepler14b,980.0,6.790123,8.4,6395.0,Transit,12.128,2458203.186,0.2591
Kepler-738,287.569664,46.567859,kepler738b,992.0,24.58721573,,5327.0,Transit,15.598,2458203.042,0.161121
Kepler-1561,296.923604,43.566467,kepler1561b,993.0,1.00520701,,5957.0,Transit,14.658,2458203.227,0.0675
Kepler-1561,296.923604,43.566467,kepler1561b,993.0,1.00520701,,5957.0,Transit,14.658,2458201.217,0.0675
Kepler-1561,296.923604,43.566467,kepler1561b,993.0,1.00520701,,5957.0,Transit,14.658,2458203.227,0.0675
Kepler-1561,296.923604,43.566467,kepler1561b,993.0,1.00520701,,5957.0,Transit,14.658,2458201.217,0.0675
Kepler-1561,296.923604,43.566467,kepler1561b,993.0,1.00520701,,5957.0,Transit,14.658,2458202.222,0.0675
Kepler-1561,296.923604,43.566467,kepler1561b,993.0,1.00520701,,5957.0,Transit,14.658,2458203.227,0.0675
Kepler-1561,296.923604,43.566467,kepler1561b,993.0,1.00520701,,5957.0,Transit,14.658,2458202.222,0.0675
Kepler-1561,296.923604,43.566467,kepler1561b,993.0,1.00520701,,5957.0,Transit,14.658,2458201.217,0.0675
Kepler-1561,296.923604,43.566467,kepler1561b,993.0,1.00520701,,5957.0,Transit,14.658,2458202.222,0.0675
Kepler-1546,297.583942,41.541227,kepler1546b,994.0,19.5974971,,5623.0,Transit,15.412,2458201.842,0.16954
Kepler-1297,289.956501,47.020393,kepler1297b,996.0,1.68189002,,5818.0,Transit,14.812,2458202.038,0.125
Kepler-1127,293.217384,42.720707,kepler1127b,996.0,5.12330347,,5664.0,Transit,15.162,2458203.013,0.124933
WTS-2,293.732796,36.815491,wts2b,1000.0,1.0187068,1.12,5000.0,Transit,15.9,2458203.161,
WTS-2,293.732796,36.815491,wts2b,1000.0,1.0187068,1.12,5000.0,Transit,15.9,2458202.142,
WTS-2,293.732796,36.815491,wts2b,1000.0,1.0187068,1.12,5000.0,Transit,15.9,2458203.161,
WTS-2,293.732796,36.815491,wts2b,1000.0,1.0187068,1.12,5000.0,Transit,15.9,2458202.142,
Kepler-736,285.391321,46.180939,kepler736b,1007.0,3.60147201,,5217.0,Transit,15.733,2458203.098,0.10508
Kepler-1578,288.302,47.775555,kepler1578b,1016.0,1.45088691,,5545.0,Transit,15.369,2458202.159,0.07421
Kepler-757,296.680438,41.386515,kepler757b,1016.0,1.02267882,,6014.0,Transit,14.803,2458202.211,0.055812
Kepler-757,296.680438,41.386515,kepler757b,1016.0,1.02267882,,6014.0,Transit,14.803,2458201.189,0.055812
Kepler-757,296.680438,41.386515,kepler757b,1016.0,1.02267882,,6014.0,Transit,14.803,2458202.211,0.055812
Kepler-757,296.680438,41.386515,kepler757b,1016.0,1.02267882,,6014.0,Transit,14.803,2458203.234,0.055812
Kepler-757,296.680438,41.386515,kepler757b,1016.0,1.02267882,,6014.0,Transit,14.803,2458201.189,0.055812
Kepler-757,296.680438,41.386515,kepler757b,1016.0,1.02267882,,6014.0,Transit,14.803,2458202.211,0.055812
Kepler-757,296.680438,41.386515,kepler757b,1016.0,1.02267882,,6014.0,Transit,14.803,2458203.234,0.055812
Kepler-757,296.680438,41.386515,kepler757b,1016.0,1.02267882,,6014.0,Transit,14.803,2458201.189,0.055812
Kepler-757,296.680438,41.386515,kepler757b,1016.0,1.02267882,,6014.0,Transit,14.803,2458203.234,0.055812
Kepler-1377,289.195458,46.651703,kepler1377b,1019.0,0.74092842,,5218.0,Transit,15.918,2458202.766,0.046675
Kepler-1377,289.195458,46.651703,kepler1377b,1019.0,0.74092842,,5218.0,Transit,15.918,2458201.285,0.046675
Kepler-1377,289.195458,46.651703,kepler1377b,1019.0,0.74092842,,5218.0,Transit,15.918,2458202.026,0.046675
Kepler-1377,289.195458,46.651703,kepler1377b,1019.0,0.74092842,,5218.0,Transit,15.918,2458202.766,0.046675
Kepler-1377,289.195458,46.651703,kepler1377b,1019.0,0.74092842,,5218.0,Transit,15.918,2458202.766,0.046675
Kepler-1377,289.195458,46.651703,kepler1377b,1019.0,0.74092842,,5218.0,Transit,15.918,2458201.285,0.046675
Kepler-1377,289.195458,46.651703,kepler1377b,1019.0,0.74092842,,5218.0,Transit,15.918,2458202.026,0.046675
Kepler-1377,289.195458,46.651703,kepler1377b,1019.0,0.74092842,,5218.0,Transit,15.918,2458202.026,0.046675
Kepler-1377,289.195458,46.651703,kepler1377b,1019.0,0.74092842,,5218.0,Transit,15.918,2458201.285,0.046675
Kepler-541,294.149669,38.458259,kepler541b,1020.0,5.08005848,,6166.0,Transit,13.281,2458202.785,0.219113
Kepler-642,293.834559,42.624962,kepler642b,1022.0,4.41745855,,6570.0,Transit,13.343,2458202.032,0.123179
Kepler-917,299.05126,47.949284,kepler917b,1027.0,2.97041437,,5418.0,Transit,15.759,2458201.173,0.092338
Kepler-1504,289.711993,50.128212,kepler1504b,1029.0,82.304003,,5393.0,Transit,15.654,2458201.894,0.57679
Kepler-592,285.790685,48.683262,kepler592b,1034.0,2.82019241,,5913.0,Transit,14.665,2458201.886,0.104487
Kepler-565,283.617946,47.196686,kepler565b,1041.0,4.24374723,,5735.0,Transit,15.0,2458202.105,0.14033
Kepler-1334,289.31148,51.320866,kepler1334b,1047.0,15.64591713,,5614.0,Transit,15.241,2458202.107,0.16717
Kepler-412,286.110327,43.680958,kepler412b,1056.0,1.7208604,0.941,5750.0,Transit,13.73,2458201.239,
Kepler-412,286.110327,43.680958,kepler412b,1056.0,1.7208604,0.941,5750.0,Transit,13.73,2458202.96,
Kepler-412,286.110327,43.680958,kepler412b,1056.0,1.7208604,0.941,5750.0,Transit,13.73,2458201.239,
Kepler-412,286.110327,43.680958,kepler412b,1056.0,1.7208604,0.941,5750.0,Transit,13.73,2458202.96,
Kepler-1289,296.388807,41.040571,kepler1289b,1059.0,7.99019627,,6080.0,Transit,14.59,2458201.301,0.13642
Kepler-1415,285.156913,47.873333,kepler1415b,1066.0,0.63642408,,5267.0,Transit,15.744,2458202.816,0.044183
Kepler-1415,285.156913,47.873333,kepler1415b,1066.0,0.63642408,,5267.0,Transit,15.744,2458202.179,0.044183
Kepler-1415,285.156913,47.873333,kepler1415b,1066.0,0.63642408,,5267.0,Transit,15.744,2458202.179,0.044183
Kepler-1415,285.156913,47.873333,kepler1415b,1066.0,0.63642408,,5267.0,Transit,15.744,2458202.816,0.044183
Kepler-1065,294.511258,38.790501,kepler1065c,1078.0,2.37030743,,5635.0,Transit,15.54,2458202.144,0.07687
Kepler-1281,295.354457,48.515404,kepler1281b,1090.0,3.11602791,,5353.0,Transit,15.79,2458201.291,0.07954
Kepler-697,283.86439,41.346458,kepler697b,1091.0,3.70987065,,5513.0,Transit,15.581,2458202.896,0.129
Kepler-1484,292.684285,38.126286,kepler1484b,1095.0,30.4549136,,5730.0,Transit,15.268,2458201.984,0.25596
Kepler-1594,293.62309,47.961914,kepler1594b,1100.0,2.71603809,,5946.0,Transit,14.801,2458202.877,0.07746
Kepler-1138,285.899242,48.307301,kepler1138b,1101.0,3.17060005,,5582.0,Transit,15.353,2458202.86,0.065742
Kepler-619,290.849058,48.416016,kepler619c,1111.0,1.20846503,,5980.0,Transit,14.697,2458202.945,0.062937
Kepler-1373,285.752049,39.249205,kepler1373b,1112.0,1.29123275,,6299.0,Transit,14.135,2458202.11,0.07817
Kepler-1392,288.766976,46.394424,kepler1392b,1117.0,15.1410397,,5479.0,Transit,15.679,2458201.78,0.17817
Kepler-1497,296.19614,45.634331,kepler1497b,1122.0,8.74199772,,5675.0,Transit,15.364,2458202.961,0.17904
Kepler-557,293.708458,41.615135,kepler557b,1126.0,3.70598955,,6068.0,Transit,14.641,2458201.212,0.212663
Kepler-717,292.965535,43.34639,kepler717b,1126.0,4.40840023,,5485.0,Transit,15.662,2458201.279,0.20554
Kepler-1282,290.176173,46.698338,kepler1282b,1126.0,2.13194651,,5504.0,Transit,15.545,2458202.949,0.075746
Kepler-671,294.265808,49.314091,kepler671b,1139.0,4.28095859,,5624.0,Transit,15.356,2458202.773,0.119804
Kepler-685,293.87193,38.422949,kepler685b,1145.0,1.6255222,,5963.0,Transit,15.001,2458202.854,0.0994937
Kepler-685,293.87193,38.422949,kepler685b,1145.0,1.6255222,,5963.0,Transit,15.001,2458201.229,0.0994937
Kepler-685,293.87193,38.422949,kepler685b,1145.0,1.6255222,,5963.0,Transit,15.001,2458202.854,0.0994937
Kepler-685,293.87193,38.422949,kepler685b,1145.0,1.6255222,,5963.0,Transit,15.001,2458201.229,0.0994937
CoRoT-12,100.765677,-1.296439,corot12b,1150.0,2.828042,0.917,5675.0,Transit,15.515,2458202.344,0.10726
Kepler-1372,288.886635,44.83955,kepler1372b,1161.0,1.31155557,,5677.0,Transit,15.371,2458202.766,0.08437
Kepler-1106,291.145201,44.062546,kepler1106b,1168.0,1.25275217,,6104.0,Transit,14.69,2458202.029,0.086479
Kepler-1106,291.145201,44.062546,kepler1106b,1168.0,1.25275217,,6104.0,Transit,14.69,2458203.282,0.086479
Kepler-1106,291.145201,44.062546,kepler1106b,1168.0,1.25275217,,6104.0,Transit,14.69,2458202.029,0.086479
Kepler-1106,291.145201,44.062546,kepler1106b,1168.0,1.25275217,,6104.0,Transit,14.69,2458203.282,0.086479
Kepler-1575,293.74325,45.761597,kepler1575b,1170.0,2.55314213,,5667.0,Transit,15.424,2458202.836,0.07742
Kepler-1573,292.988348,49.48497,kepler1573b,1180.0,2.6157554,,5808.0,Transit,15.18,2458203.288,0.10996
Kepler-677,290.098067,50.321609,kepler677b,1180.0,6.57531678,,5723.0,Transit,15.312,2458202.238,0.178487
Kepler-750,289.096874,44.004379,kepler750c,1181.0,4.08899022,,6160.0,Transit,14.5,2458203.152,0.14438
Kepler-1153,289.147217,45.866181,kepler1153b,1185.0,1.75583533,,5470.0,Transit,15.758,2458202.162,0.075567
Kepler-774,291.03193,38.211956,kepler774b,1190.0,11.0895723,,6403.0,Transit,12.808,2458201.828,0.264217
Kepler-754,293.254104,37.846192,kepler754b,1192.0,14.5596237,,5935.0,Transit,15.16,2458201.198,0.24
Kepler-24,290.413267,38.343754,kepler24c,1200.0,12.3335,1.6,5897.0,Transit,14.925,2458201.963,0.1546
Kepler-1201,294.614827,40.833172,kepler1201b,1202.0,15.18725932,,6177.0,Transit,14.724,2458201.942,0.18783
Kepler-606,292.427378,44.381268,kepler606b,1208.0,24.31575992,,6161.0,Transit,14.686,2458201.773,0.172429
Kepler-1380,288.116053,42.440422,kepler1380b,1209.0,10.3108245,,5570.0,Transit,15.619,2458201.8,0.23513
Kepler-715,283.630767,43.379398,kepler715b,1214.0,10.00652995,,5871.0,Transit,15.063,2458202.052,0.21742
Kepler-1322,293.204521,45.435402,kepler1322b,1217.0,0.96286738,,5488.0,Transit,15.81,2458202.284,0.067696
Kepler-1322,293.204521,45.435402,kepler1322b,1217.0,0.96286738,,5488.0,Transit,15.81,2458203.247,0.067696
Kepler-1322,293.204521,45.435402,kepler1322b,1217.0,0.96286738,,5488.0,Transit,15.81,2458202.284,0.067696
Kepler-1322,293.204521,45.435402,kepler1322b,1217.0,0.96286738,,5488.0,Transit,15.81,2458203.247,0.067696
Kepler-1476,284.532096,43.989956,kepler1476b,1218.0,10.35863224,,5663.0,Transit,15.408,2458203.197,0.10725
Kepler-1427,295.349667,45.114548,kepler1427b,1220.0,0.96897238,,5793.0,Transit,15.415,2458201.797,0.06758
Kepler-1427,295.349667,45.114548,kepler1427b,1220.0,0.96897238,,5793.0,Transit,15.415,2458201.797,0.06758
Kepler-1427,295.349667,45.114548,kepler1427b,1220.0,0.96897238,,5793.0,Transit,15.415,2458202.766,0.06758
Kepler-1427,295.349667,45.114548,kepler1427b,1220.0,0.96897238,,5793.0,Transit,15.415,2458202.766,0.06758
Kepler-728,291.092356,45.115528,kepler728b,1236.0,5.74347727,,5660.0,Transit,15.543,2458201.272,0.143863
Kepler-1618,295.175391,45.930908,kepler1618b,1238.0,6.10826019,,6620.0,Transit,13.606,2458202.258,0.15204
Kepler-1016,294.613645,45.984623,kepler1016b,1239.0,1.95452434,,5821.0,Transit,15.356,2458201.989,0.08733
Kepler-875,297.3013,43.141888,kepler875b,1244.0,27.5073799,,5958.0,Transit,15.219,2458203.202,0.21829
Kepler-688,294.655242,39.308366,kepler688b,1247.0,3.89593684,,5715.0,Transit,15.725,2458202.092,0.097454
Kepler-490,295.025677,46.956005,kepler490b,1249.0,3.26869515,,6045.0,Transit,14.879,2458203.221,0.1438812
Kepler-1399,293.311681,46.041714,kepler1399b,1256.0,1.63865306,,5735.0,Transit,15.49,2458203.268,0.08117
Kepler-1585,296.159005,44.563114,kepler1585b,1269.0,3.5827463,,5538.0,Transit,15.965,2458203.169,0.06421
Kepler-868,282.363512,46.67524,kepler868b,1269.0,5.03251791,,5614.0,Transit,15.695,2458201.209,0.137775
Kepler-729,286.360112,45.414295,kepler729b,1271.0,3.16635371,,5633.0,Transit,15.603,2458201.983,0.137662
Kepler-1290,290.685249,43.859638,kepler1290b,1321.0,4.69500134,,5660.0,Transit,15.711,2458201.796,0.12346
Kepler-666,298.45684,48.791592,kepler666b,1330.0,4.49876092,,5887.0,Transit,15.395,2458202.97,0.159617
Kepler-8,281.288118,42.45108,kepler8b,1330.0,3.5224991,0.59,6213.0,Transit,13.9,2458201.863,
Kepler-1592,293.850646,38.397749,kepler1592b,1349.0,3.05710069,,6213.0,Transit,14.803,2458201.914,0.14679
Kepler-769,292.713101,38.358213,kepler769b,1362.0,7.42608998,,6186.0,Transit,14.818,2458203.25,0.154237
Kepler-1217,289.186676,50.937557,kepler1217b,1363.0,2.03232507,,5905.0,Transit,15.298,2458202.813,0.07158
Kepler-881,288.992588,46.670753,kepler881b,1364.0,4.44448017,,5961.0,Transit,15.216,2458202.044,0.1396
Kepler-1640,294.55789,40.850498,kepler1640b,1379.0,7.5844126,,6324.0,Transit,14.624,2458201.808,0.1588
Kepler-1555,287.635473,45.716061,kepler1555b,1382.0,8.10501635,,5866.0,Transit,15.353,2458202.787,0.18512
Kepler-664,288.754887,48.2262,kepler664b,1386.0,2.52559332,,5754.0,Transit,15.509,2458201.996,0.066175
Kepler-1307,292.86984,46.741859,kepler1307b,1396.0,18.01621096,,5884.0,Transit,15.394,2458203.14,0.1665
Kepler-1360,300.344076,45.623219,kepler1360b,1405.0,40.5286413,,6778.0,Transit,13.913,2458202.791,0.43858
Kepler-1292,284.90572,43.949169,kepler1292b,1406.0,3.27646405,,5556.0,Transit,15.934,2458202.126,0.09467
Kepler-644,295.475743,43.493137,kepler644b,1413.0,3.1739171,,6747.0,Transit,13.949,2458203.233,0.146108
Kepler-1340,296.232807,42.47279,kepler1340b,1421.0,0.66502692,,6331.0,Transit,14.758,2458202.009,0.072433
Kepler-762,291.275634,47.329491,kepler762b,1465.0,3.7705521,,5944.0,Transit,15.439,2458202.789,0.159488
Kepler-703,299.186861,41.742682,kepler703b,1482.0,4.58352176,,6185.0,Transit,15.287,2458202.272,0.11312
Kepler-1211,285.720788,40.856961,kepler1211b,1486.0,11.01816836,,5705.0,Transit,15.832,2458201.204,0.18879
Kepler-1557,293.881413,46.838879,kepler1557b,1532.0,3.74032496,,6099.0,Transit,15.331,2458203.084,0.10163
Kepler-1368,294.766985,41.64468,kepler1368b,1750.0,0.67564949,,5906.0,Transit,15.892,2458203.07,0.079312
Kepler-1603,295.329843,42.534966,kepler1603b,1751.0,2.27163926,,6241.0,Transit,15.332,2458201.914,0.16846
Kepler-493,295.30754,38.881639,kepler493b,1942.0,3.00387658,,6457.0,Transit,14.996,2458202.886,0.135771
Kepler-43,285.240856,46.668255,kepler43b,1950.0,3.0240949,3.23,6041.0,Transit,13.958,2458201.198,
Kepler-435,292.287328,43.197281,kepler435b,2070.0,8.6001536,0.84,6161.0,Transit,13.643,2458201.299,0.3751
Kepler-1239,293.127381,42.320103,kepler1239b,2511.0,5.19104016,,6564.0,Transit,15.438,2458202.233,0.17783
Kepler-49,292.294579,40.591801,kepler49b,,7.2037945,0.98,4252.0,Transit,15.264,2458201.772,0.124
Kepler-225,292.193984,47.457096,kepler225b,,6.738975,,3682.0,Transit,15.962,2458202.985,0.1257
Kepler-237,283.221387,40.421834,kepler237c,,8.103636,,4861.0,Transit,15.289,2458202.781,0.1313
Kepler-233,296.366522,51.319523,kepler233b,,8.472382,,5360.0,Transit,15.339,2458201.25,0.1124
Kepler-228,296.286142,48.224667,kepler228c,,4.134444,,6043.0,Transit,15.714,2458201.902,0.1301
Kepler-228,296.286142,48.224667,kepler228b,,2.566546,,6043.0,Transit,15.714,2458202.77,0.097
Kepler-226,292.376129,47.880989,kepler226d,,8.109044,,5571.0,Transit,15.416,2458201.312,0.1541
Kepler-224,290.934287,47.357601,kepler224d,,11.349393,,5018.0,Transit,15.644,2458201.893,0.1297
Kepler-224,290.934287,47.357601,kepler224c,,5.925003,,5018.0,Transit,15.644,2458202.217,0.1185
Kepler-224,290.934287,47.357601,kepler224b,,3.132924,,5018.0,Transit,15.644,2458201.853,0.0847
Kepler-242,286.565695,41.808403,kepler242b,,8.20395,,5020.0,Transit,15.376,2458202.232,0.1142
Kepler-121,286.162064,39.677995,kepler121b,,3.177422,,5311.0,Transit,14.708,2458202.093,0.0615
Kepler-250,289.594765,44.141953,kepler250b,,4.148141,,5160.0,Transit,15.46,2458201.941,0.1001
Kepler-122,291.111883,39.949104,kepler122b,,5.766193,,6050.0,Transit,14.247,2458201.849,0.1602
Kepler-133,297.277976,48.320328,kepler133b,,8.129976,,5736.0,Transit,12.848,2458202.831,0.0863
Kepler-256,292.580445,46.097389,kepler256b,,1.620493,,5551.0,Transit,15.065,2458201.192,0.0934
Kepler-256,292.580445,46.097389,kepler256b,,1.620493,,5551.0,Transit,15.065,2458202.813,0.0934
Kepler-132,283.23581,41.343037,kepler132b,,6.178196,,6003.0,Transit,11.818,2458202.168,0.136
Kepler-130,288.450665,40.245305,kepler130b,,8.457458,,5884.0,Transit,11.529,2458202.816,0.1353
Kepler-255,296.064233,45.976841,kepler255d,,1.04562266,,5573.0,Transit,15.596,2458203.12,0.076121
Kepler-255,296.064233,45.976841,kepler255d,,1.04562266,,5573.0,Transit,15.596,2458202.075,0.076121
Kepler-255,296.064233,45.976841,kepler255d,,1.04562266,,5573.0,Transit,15.596,2458203.12,0.076121
Kepler-255,296.064233,45.976841,kepler255d,,1.04562266,,5573.0,Transit,15.596,2458202.075,0.076121
Kepler-251,296.566237,44.105865,kepler251b,,4.790936,,5526.0,Transit,15.223,2458203.193,0.1127
Kepler-223,298.318356,47.279495,kepler223e,,19.72567,0.0151,,Transit,15.344,2458202.958,
Kepler-95,284.482459,44.398037,kepler95b,,11.5231,0.041,5699.0,Transit,12.346,2458202.96,
Kepler-246,296.483427,42.663429,kepler246c,,11.187161,,5206.0,Transit,15.024,2458203.271,0.1317
Kepler-246,296.483427,42.663429,kepler246b,,4.60182,,5206.0,Transit,15.024,2458201.244,0.0928
Kepler-245,291.638965,42.436317,kepler245e,,3.21982106,,5100.0,Transit,15.599,2458201.923,0.088154
Kepler-243,285.11047,42.033958,kepler243b,,5.715442,,5228.0,Transit,15.086,2458202.81,0.1035
Kepler-96,297.069643,40.525141,kepler96b,,16.2385,0.027,5690.0,Transit,10.297,2458203.003,
Kepler-97,287.326624,48.673431,kepler97b,,2.58664,0.011,5779.0,Transit,12.872,2458201.928,
Kepler-222,287.9061,46.937767,kepler222d,,28.081912,,5433.0,Transit,15.063,2458201.17,0.1892
Kepler-101,283.255489,48.355228,kepler101b,,3.4876812,0.16,5667.0,Transit,13.8,2458203.279,0.161
Kepler-220,291.506237,46.895779,kepler220b,,4.159807,,4632.0,Transit,13.177,2458203.116,0.0677
Kepler-180,295.571343,49.774586,kepler180b,,13.817124,,5731.0,Transit,14.35,2458201.247,0.1558
Kepler-161,290.516491,43.083824,kepler161b,,4.921355,,5078.0,Transit,14.196,2458201.258,0.078
Kepler-109,290.392721,40.284875,kepler109b,,6.48163,,5952.0,Transit,12.365,2458203.274,
Kepler-174,287.439194,43.832092,kepler174b,,13.98179,,4880.0,Transit,14.287,2458202.822,0.1224
Kepler-173,294.646695,41.884106,kepler173b,,4.263742,,6031.0,Transit,14.209,2458202.9,0.0942
WASP-44,3.903165,-11.938115,wasp44b,,2.4238039,0.889,5410.0,Transit,12.9,2458202.36,0.0936
Kepler-107,297.028248,48.208611,kepler107e,,14.749049,,5851.0,Transit,12.487,2458201.822,0.2745
EPIC 220674823,13.07978,10.794699,epic220674823b,,0.571336,0.02832,5496.0,Transit,12.102,2458201.268,0.0745833
WASP-48,291.16233,55.47316,wasp48b,,2.14363544,0.907,6000.0,Transit,11.72,2458202.726,
EPIC 220674823,13.07978,10.794699,epic220674823b,,0.571336,0.02832,5496.0,Transit,12.102,2458202.411,0.0745833
EPIC 220674823,13.07978,10.794699,epic220674823b,,0.571336,0.02832,5496.0,Transit,12.102,2458201.268,0.0745833
Kepler-181,296.151402,50.095806,kepler181c,,4.302149,,5333.0,Transit,14.707,2458202.934,0.0819
EPIC 220674823,13.07978,10.794699,epic220674823b,,0.571336,0.02832,5496.0,Transit,12.102,2458202.411,0.0745833
Kepler-172,283.368413,41.821857,kepler172d,,14.627119,,5526.0,Transit,14.532,2458201.83,0.1475
Kepler-172,283.368413,41.821857,kepler172c,,6.388996,,5526.0,Transit,14.532,2458202.972,0.1412
CoRoT-1,102.079885,-3.102147,corot1b,,1.5089557,1.03,5950.0,Transit,13.6,2458203.454,
Kepler-172,283.368413,41.821857,kepler172b,,2.940309,,5526.0,Transit,14.532,2458201.96,0.1081
WASP-81,304.207886,3.29405,wasp81b,,2.7164762,0.729,5870.0,Transit,,2458203.051,
WASP-85 A,175.908386,6.563726,wasp85ab,,2.6556777,1.265,6112.0,Transit,10.72,2458201.868,0.10816
Kepler-171,296.771914,41.755537,kepler171c,,11.463462,,5642.0,Transit,14.883,2458203.081,0.1069
Kepler-171,296.771914,41.755537,kepler171b,,4.166972,,5642.0,Transit,14.883,2458202.949,0.1142
Kepler-169,285.999891,40.919329,kepler169e,,13.767102,,4997.0,Transit,14.194,2458201.778,0.1213
Kepler-169,285.999891,40.919329,kepler169c,,6.195469,,4997.0,Transit,14.194,2458201.751,0.1273
Kepler-166,293.160171,48.881191,kepler166b,,7.650254,,5413.0,Transit,14.701,2458202.778,0.1145
Kepler-107,297.028248,48.208611,kepler107d,,7.958203,,5851.0,Transit,12.487,2458201.83,0.1782
Kepler-220,291.506237,46.895779,kepler220c,,9.034199,,4632.0,Transit,13.177,2458202.121,0.0619
Kepler-190,288.584039,44.733799,kepler190b,,2.019999,,5106.0,Transit,14.137,2458202.748,0.0759
Kepler-190,288.584039,44.733799,kepler190c,,3.763024,,5106.0,Transit,14.137,2458201.796,0.064
Kepler-217,293.037744,46.277508,kepler217d,,3.88689525,,6171.0,Transit,13.294,2458203.278,0.15242
Kepler-217,293.037744,46.277508,kepler217b,,5.374943,,6171.0,Transit,13.294,2458202.024,0.1671
Kepler-210,292.503389,43.083149,kepler210b,,2.453234,,4559.0,Transit,13.822,2458202.909,0.0728
KOI-13,286.971199,46.868362,koi13b,,1.763588,9.28,7650.0,Transit,9.958,2458202.095,
Qatar-1,303.381672,65.162041,qatar1b,,1.4200242,1.294,5013.0,Transit,12.843,2458202.257,0.06921
Qatar-5,7.053898,42.061333,qatar5b,,2.8792319,4.32,5747.0,Transit,12.82,2458203.407,0.1212
Kepler-207,290.030517,42.16605,kepler207b,,1.611865,,5920.0,Transit,13.182,2458203.195,0.125
Kepler-205,285.287111,41.861172,kepler205b,,2.75564,,4321.0,Transit,13.506,2458203.143,0.0812
Kepler-82,292.87339,42.966137,kepler82d,,2.382961,,5428.0,Transit,15.158,2458201.76,0.0844
Kepler-119,295.946421,42.658924,kepler119b,,2.422082,,5595.0,Transit,14.236,2458201.841,0.1072
WASP-12,97.63664,29.672291,wasp12b,,1.0914203,1.47,6360.0,Transit,11.69,2458202.344,0.12483
WASP-32,3.961682,1.200451,wasp32b,,2.718659,3.6,6100.0,Transit,11.3,2458201.39,0.101
WASP-12,97.63664,29.672291,wasp12b,,1.0914203,1.47,6360.0,Transit,11.69,2458203.436,0.12483
WASP-12,97.63664,29.672291,wasp12b,,1.0914203,1.47,6360.0,Transit,11.69,2458202.344,0.12483
WASP-12,97.63664,29.672291,wasp12b,,1.0914203,1.47,6360.0,Transit,11.69,2458203.436,0.12483
WASP-12,97.63664,29.672291,wasp12b,,1.0914203,1.47,6360.0,Transit,11.69,2458201.253,0.12483
WASP-12,97.63664,29.672291,wasp12b,,1.0914203,1.47,6360.0,Transit,11.69,2458202.344,0.12483
WASP-12,97.63664,29.672291,wasp12b,,1.0914203,1.47,6360.0,Transit,11.69,2458203.436,0.12483
WASP-12,97.63664,29.672291,wasp12b,,1.0914203,1.47,6360.0,Transit,11.69,2458201.253,0.12483
Kepler-203,297.089977,41.388039,kepler203b,,3.162697,,5821.0,Transit,13.989,2458203.291,0.0792
Kepler-115,297.711849,45.261925,kepler115b,,2.403679,,5979.0,Transit,13.431,2458203.08,0.0544
Kepler-200,284.40992,41.237465,kepler200b,,8.594805,,5678.0,Transit,13.984,2458201.897,0.1472
Kepler-194,291.971445,47.864174,kepler194b,,2.092281,,6089.0,Transit,14.915,2458202.818,0.098
Kepler-191,291.183386,45.323177,kepler191d,,5.94504102,,5282.0,Transit,14.808,2458201.905,0.107129
WASP-12,97.63664,29.672291,wasp12b,,1.0914203,1.47,6360.0,Transit,11.69,2458201.253,0.12483
Kepler-256,292.580445,46.097389,kepler256b,,1.620493,,5551.0,Transit,15.065,2458202.813,0.0934
Kepler-286,290.676145,48.294289,kepler286c,,3.468095,,5580.0,Transit,15.587,2458201.268,0.096
Kepler-256,292.580445,46.097389,kepler256c,,3.38802,,5551.0,Transit,15.065,2458201.823,0.1095
Kepler-407,286.036347,49.614506,kepler407b,,0.66931,,5476.0,Transit,12.521,2458201.238,
Kepler-407,286.036347,49.614506,kepler407b,,0.66931,,5476.0,Transit,12.521,2458201.907,
Kepler-407,286.036347,49.614506,kepler407b,,0.66931,,5476.0,Transit,12.521,2458203.245,
Kepler-407,286.036347,49.614506,kepler407b,,0.66931,,5476.0,Transit,12.521,2458201.238,
Kepler-407,286.036347,49.614506,kepler407b,,0.66931,,5476.0,Transit,12.521,2458201.907,
K2-30,52.341961,22.299404,k230b,,4.098503,0.579,5425.0,Transit,13.53,2458203.191,0.0967
Kepler-407,286.036347,49.614506,kepler407b,,0.66931,,5476.0,Transit,12.521,2458203.245,
Kepler-6,296.837254,48.239964,kepler6b,,3.2346996,0.668,5647.0,Transit,13.303,2458202.125,
Kepler-407,286.036347,49.614506,kepler407b,,0.66931,,5476.0,Transit,12.521,2458201.238,
Kepler-407,286.036347,49.614506,kepler407b,,0.66931,,5476.0,Transit,12.521,2458201.907,
Kepler-406,291.848044,44.968224,kepler406b,,2.42629,0.02,5538.0,Transit,12.52,2458201.307,
Kepler-403,289.921461,46.74456,kepler403d,,13.61159129,,6090.0,Transit,12.805,2458203.119,0.31283
K2-28,335.62439,-7.955366,k228b,,2.260455,,3214.0,Transit,16.061,2458203.157,
K2-26,94.206581,24.596411,k226b,,14.5665,,3785.0,Transit,14.53,2458202.683,0.1970833
K2-22,169.482819,2.61907,k222b,,0.381078,1.4,3830.0,Transit,15.597,2458201.674,0.0333333
K2-22,169.482819,2.61907,k222b,,0.381078,1.4,3830.0,Transit,15.597,2458202.818,0.0333333
K2-22,169.482819,2.61907,k222b,,0.381078,1.4,3830.0,Transit,15.597,2458201.674,0.0333333
K2-22,169.482819,2.61907,k222b,,0.381078,1.4,3830.0,Transit,15.597,2458202.818,0.0333333
K2-133,70.148567,25.010006,k2133c,,4.8682,,3655.0,Transit,14.288,2458203.485,0.0675
K2-131,182.751556,-9.765218,k2131b,,0.3693038,0.02045,5200.0,Transit,12.115,2458202.628,
K2-121,126.936722,17.579397,k2121b,,5.185754,,4471.38,Transit,13.319,2458201.455,
K2-111,59.889755,21.298685,k2111b,,5.35117,0.02706,5730.0,Transit,11.137,2458202.418,0.1408333
Kepler-403,289.921461,46.74456,kepler403b,,7.031462,,6090.0,Transit,12.805,2458201.924,0.2437
K2-34,127.578773,22.235909,k234b,,2.995607,1.76,6132.0,Transit,11.548,2458201.796,0.1038333
Kepler-402,288.370225,43.35461,kepler402c,,6.124821,,6090.0,Transit,13.268,2458201.841,0.1445
Kepler-407,286.036347,49.614506,kepler407b,,0.66931,,5476.0,Transit,12.521,2458203.245,
Kepler-408,284.786175,48.423233,kepler408b,,2.46502,,6104.0,Transit,8.769,2458202.251,
Kepler-56,293.758347,41.871869,kepler56b,,10.5016,0.07,4840.0,Transit,12.44,2458202.247,
Kepler-157,291.097225,38.875609,kepler157b,,1.732342,,5774.0,Transit,14.002,2458201.813,0.0911
Kepler-57,293.641285,44.65704,kepler57b,,5.7293196,18.86,5145.0,Transit,14.809,2458202.895,0.0466
K2-45,169.632874,-1.77413,k245b,,1.7292684,,4103.0,Transit,15.78,2458201.587,0.070375
K2-5,169.303497,-1.877976,k25b,,5.73594,,3930.0,Transit,14.91,2458202.693,0.1105833
K2-60,338.606171,-13.731702,k260b,,3.00265,0.426,5500.0,Transit,12.789,2458201.183,0.1283333
Kepler-60,288.961242,42.265011,kepler60b,,7.1334,0.01318,5905.0,Transit,13.959,2458202.829,
K2-72,334.621979,-9.612382,k272d,,7.760178,,3360.47,Transit,15.309,2458203.09,
K2-43,169.117142,-3.97544,k243b,,3.471341,,3889.72,Transit,15.596,2458201.812,
K2-75,338.844849,-7.469853,k275c,,18.311,,5995.0,Transit,12.701,2458201.241,0.2675
K2-77,55.228428,12.572612,k277b,,8.199796,1.9,4970.0,Transit,12.158,2458202.378,0.1
K2-83,59.901562,15.558886,k283b,,2.74697,,3910.0,Transit,14.514,2458201.562,0.0693333
K2-85,59.464394,18.465254,k285b,,0.684533,,4268.0,Transit,12.831,2458202.378,0.0325833
Kepler-144,281.915678,42.775513,kepler144c,,10.104665,,6075.0,Transit,11.992,2458202.046,0.0949
Kepler-144,281.915678,42.775513,kepler144b,,5.885273,,6075.0,Transit,11.992,2458203.129,0.078
Kepler-100,291.385979,41.990273,kepler100b,,6.88705,0.023,5825.0,Transit,11.197,2458203.091,
Kepler-100,291.385979,41.990273,kepler100d,,35.3331,,5825.0,Transit,11.197,2458202.292,
K2-86,51.552799,18.635616,k286b,,8.77683,,5482.0,Transit,13.167,2458202.228,0.1145833
K2-89,57.066715,20.459639,k289b,,1.096026,,3691.0,Transit,14.162,2458202.586,0.0372917
Kepler-142,295.118899,48.481281,kepler142c,,4.761702,,5790.0,Transit,13.203,2458203.199,0.1376
K2-89,57.066715,20.459639,k289b,,1.096026,,3691.0,Transit,14.162,2458201.49,0.0372917
K2-89,57.066715,20.459639,k289b,,1.096026,,3691.0,Transit,14.162,2458202.586,0.0372917
K2-89,57.066715,20.459639,k289b,,1.096026,,3691.0,Transit,14.162,2458201.49,0.0372917
Kepler-65,288.6887,41.151173,kepler65b,,2.15491,,6211.0,Transit,11.018,2458203.174,0.1282
Kepler-402,288.370225,43.35461,kepler402b,,4.028751,,6090.0,Transit,13.268,2458201.856,0.1244
Kepler-393,290.995257,45.192215,kepler393c,,14.613612,,6189.0,Transit,13.223,2458203.021,0.225
K2-104,129.636749,19.773829,k2104b,,1.974238,,3546.46,Transit,15.149,2458202.495,
Kepler-304,294.441763,40.557587,kepler304c,,5.315946,,4731.0,Transit,14.84,2458202.84,0.0464
Kepler-78,293.74169,44.44833,kepler78b,,0.355,0.006,5058.0,Transit,11.551,2458202.091,
Kepler-78,293.74169,44.44833,kepler78b,,0.355,0.006,5058.0,Transit,11.551,2458203.156,
Kepler-78,293.74169,44.44833,kepler78b,,0.355,0.006,5058.0,Transit,11.551,2458202.801,
Kepler-78,293.74169,44.44833,kepler78b,,0.355,0.006,5058.0,Transit,11.551,2458202.091,
Kepler-78,293.74169,44.44833,kepler78b,,0.355,0.006,5058.0,Transit,11.551,2458203.156,
Kepler-78,293.74169,44.44833,kepler78b,,0.355,0.006,5058.0,Transit,11.551,2458202.801,
Kepler-78,293.74169,44.44833,kepler78b,,0.355,0.006,5058.0,Transit,11.551,2458202.091,
Kepler-78,293.74169,44.44833,kepler78b,,0.355,0.006,5058.0,Transit,11.551,2458203.156,
Kepler-78,293.74169,44.44833,kepler78b,,0.355,0.006,5058.0,Transit,11.551,2458202.801,
K2-91,63.218063,24.205112,k291b,,1.419549,,3622.0,Transit,15.572,2458202.491,0.039375
Kepler-292,295.766145,42.424288,kepler292b,,2.580827,,5299.0,Transit,15.956,2458202.207,0.0872
Kepler-156,290.296515,37.74949,kepler156b,,4.973456,,5094.0,Transit,14.172,2458201.818,0.0658
Kepler-286,290.676145,48.294289,kepler286b,,1.796302,,5580.0,Transit,15.587,2458203.267,0.0822
Kepler-285,291.390905,48.065609,kepler285b,,2.633867,,5411.0,Transit,15.173,2458201.951,0.0859
Kepler-280,291.39051,42.180588,kepler280c,,4.807091,,5744.0,Transit,14.466,2458202.815,0.0375
Kepler-273,291.302209,47.697758,kepler273b,,2.936532,,5626.0,Transit,14.968,2458201.837,0.071
Kepler-135,290.495129,38.795481,kepler135c,,11.448708,,6090.0,Transit,12.73,2458202.923,0.2103
Kepler-272,299.127524,47.59383,kepler272b,,2.971353,,5297.0,Transit,14.678,2458203.19,0.1103
Kepler-271,283.00298,44.284233,kepler271b,,5.217738,,5524.0,Transit,13.404,2458202.817,0.1411
Kepler-26,284.940997,46.56654,kepler26b,,12.28,0.01611,3914.0,Transit,15.473,2458202.73,
Kepler-263,292.469762,37.567794,kepler263c,,47.332773,,5265.0,Transit,15.391,2458203.038,0.1279
Kepler-257,297.315994,46.023269,kepler257b,,2.382667,,5180.0,Transit,15.471,2458201.202,0.0755
Kepler-304,294.441763,40.557587,kepler304d,,9.653471,,4731.0,Transit,14.84,2458201.769,0.1245
Kepler-304,294.441763,40.557587,kepler304e,,1.49914695,,4731.0,Transit,14.84,2458201.228,0.060087
Kepler-306,288.538671,40.61614,kepler306b,,4.646186,,4954.0,Transit,15.565,2458202.965,0.0965
Kepler-309,297.509851,46.961281,kepler309b,,5.923653,,4713.0,Transit,15.157,2458201.997,0.1161
Kepler-390,291.628777,41.208603,kepler390c,,13.060022,,5166.0,Transit,13.942,2458203.157,0.111
Kepler-380,282.394616,48.75914,kepler380b,,3.930821,,6045.0,Transit,13.652,2458203.265,0.1234
Kepler-372,291.256195,49.258953,kepler372d,,30.092568,,6509.0,Transit,14.881,2458201.936,0.3125
Kepler-370,292.171121,40.916306,kepler370b,,4.57953,,5852.0,Transit,15.198,2458201.245,0.1367
Kepler-363,283.192081,41.305393,kepler363b,,3.614568,,5593.0,Transit,13.353,2458202.735,0.1417
Kepler-360,286.284731,44.781555,kepler360b,,3.289672,,6053.0,Transit,14.866,2458201.793,0.0963
Kepler-357,291.243104,44.00872,kepler357b,,6.475434,,5036.0,Transit,15.565,2458201.821,0.1105
Kepler-342,292.678083,46.726715,kepler342e,,1.64422461,,6175.0,Transit,13.147,2458202.229,0.115925
Kepler-342,292.678083,46.726715,kepler342c,,26.234138,,6175.0,Transit,13.147,2458201.798,0.1015
Kepler-33,289.077548,46.005222,kepler33d,,21.77596,,5904.0,Transit,13.988,2458201.924,0.3338
Kepler-33,289.077548,46.005222,kepler33b,,5.66793,,5904.0,Transit,13.988,2458201.286,0.2033
Kepler-256,292.580445,46.097389,kepler256b,,1.620493,,5551.0,Transit,15.065,2458201.192,0.0934
Kepler-339,293.351712,48.444641,kepler339b,,4.977656,,5631.0,Transit,14.531,2458203.148,0.1064
Kepler-336,290.237643,41.33137,kepler336b,,2.024823,,5867.0,Transit,13.598,2458203.048,0.1151
Kepler-334,287.140668,47.115196,kepler334b,,5.470319,,5828.0,Transit,12.776,2458202.924,0.1267
Kepler-76,294.192118,39.619003,kepler76b,,1.5449298,2.01,6409.0,Orbital Brightness Modulation,13.308,2458203.176,
Kepler-15,296.200595,49.140125,kepler15b,,4.942782,0.66,5515.0,Transit,13.758,2458201.908,0.1458
Kepler-326,294.325546,46.002254,kepler326b,,2.248329,,5105.0,Transit,13.693,2458201.77,0.0863
Kepler-323,291.38224,38.127473,kepler323b,,1.678327,,5987.0,Transit,12.722,2458203.189,0.0983
Kepler-322,281.348824,44.295242,kepler322b,,1.653888,,5388.0,Transit,13.53,2458201.851,0.0697
Kepler-137,282.135534,43.039101,kepler137b,,8.436387,,5187.0,Transit,12.99,2458201.841,0.134
Kepler-320,293.213548,46.175125,kepler320b,,8.371554,,6435.0,Transit,13.474,2458202.097,0.1683
Kepler-318,298.482828,46.793617,kepler318b,,4.662715,,5746.0,Transit,13.297,2458203.006,0.1144
Kepler-312,298.395772,42.459756,kepler312b,,1.772419,,6115.0,Transit,12.949,2458203.297,0.1022
Kepler-337,290.06049,47.163956,kepler337b,,3.292781,,5684.0,Transit,12.727,2458202.813,0.1986
Kepler-164,287.780828,47.629913,kepler164b,,5.03503,,5888.0,Transit,14.282,2458203.179,0.0687
